Ativo_A,Ativo_B,N_Anos,P_Value_Min,P_Value_Med,Corr_Med
IGTA3,MULT3,5,0.000651,0.0215078,0.9732
CPFE3,EQTL3,4,0.005656,0.031767500000000004,0.9320250000000001
COGN3,LREN3,4,0.009586,0.02054775,0.924875
BBDC3,MULT3,4,0.01226,0.026694999999999997,0.896075
PETR3,PETR4,3,0.001124,0.020855000000000002,0.9955666666666666
BBAS3,CPFE3,3,0.001619,0.025466666666666665,0.9020666666666667
CPFE3,VBBR3,3,0.002386,0.01751633333333333,0.8598333333333333
MULT3,RENT3,3,0.003418,0.007979666666666668,0.9202
ITSA4,ITUB4,3,0.003728,0.02401266666666667,0.9900666666666668
ITSA4,MULT3,3,0.00439,0.012830666666666666,0.9100666666666667
BPAC11,ENGI11,3,0.007088,0.020048,0.9238333333333332
CPLE6,LREN3,3,0.00848,0.031007666666666666,0.9153666666666668
BRML3,CYRE3,3,0.012535,0.027393,0.9053
BBDC4,TIMS3,3,0.01324,0.035222,0.9481333333333334
BBSE3,MULT3,3,0.01464,0.024454666666666666,0.8901333333333333
B3SA3,LREN3,3,0.016655,0.033626666666666666,0.9208333333333334
GGBR4,GOAU4,3,0.027942,0.03030066666666667,0.9286
BBDC4,COGN3,3,0.046132,0.047388000000000007,0.8984
AMER3,YDUQ3,2,1.3e-05,0.024054,0.95475
BRFS3,COGN3,2,1.9e-05,0.020496999999999998,0.91455
IGTA3,MOTV3,2,2.9e-05,0.0202835,0.9399500000000001
ENBR3,GOLL54,2,6.2e-05,0.000896,0.92745
GGBR4,RENT3,2,8.5e-05,0.0231755,0.91435
BBDC3,BBSE3,2,9.5e-05,0.01569,0.9187000000000001
EGIE3,PSSA3,2,0.000115,0.0001335,0.8565499999999999
BBSE3,LREN3,2,0.000121,0.0004775,0.9289499999999999
LREN3,SBSP3,2,0.000147,0.021881,0.93235
HAPV3,MGLU3,2,0.000183,0.0232025,0.9475
DXCO3,MBRF3,2,0.000267,0.005036,0.9130499999999999
ABEV3,ITUB4,2,0.000288,0.016079499999999997,0.8793
AXIA6,ITUB4,2,0.000293,0.0045495,0.9188000000000001
ENGI11,RENT3,2,0.000363,0.00039349999999999997,0.9338500000000001
TAEE11,VIVT4,2,0.000547,0.0245725,0.93935
AXIA3,ITUB4,2,0.000575,0.017091,0.89775
ALOS3,BPAC11,2,0.00074,0.002529,0.97845
CVCB3,EQTL3,2,0.000843,0.0078695,0.8977
SBSP3,VBBR3,2,0.000878,0.0047825,0.914
ENGI11,LREN3,2,0.00099,0.019021999999999997,0.89775
COGN3,SBSP3,2,0.000991,0.021848,0.91235
BBSE3,CPFE3,2,0.00132,0.0229795,0.8558
CYRE3,EZTC3,2,0.001376,0.0083195,0.96635
GNDI3,HAPV3,2,0.001391,0.006958,0.9852000000000001
MOTV3,SBSP3,2,0.001548,0.0015509999999999999,0.9208000000000001
CPLE6,RAPT4,2,0.001672,0.013183,0.8893
BBDC3,CYRE3,2,0.001796,0.013776499999999999,0.9028
HGTX3,WEGE3,2,0.001804,0.0187845,0.8818999999999999
AURE3,IGTI11,2,0.001842,0.006826,0.8957999999999999
EQTL3,MULT3,2,0.001868,0.009193000000000002,0.91355
EZTC3,ITUB4,2,0.001949,0.0190105,0.879
ECOR3,TIMS3,2,0.002102,0.0169845,0.9184
GNDI3,MGLU3,2,0.002111,0.0085755,0.9037
AXIA6,ITSA4,2,0.002177,0.010811999999999999,0.89835
NEOE3,TIMS3,2,0.00229,0.0046195,0.9288
ENGI11,YDUQ3,2,0.002316,0.0107075,0.9170499999999999
AXIA3,DXCO3,2,0.002358,0.007948,0.84565
CPFE3,LREN3,2,0.002477,0.008671,0.84995
BRSR6,PCAR4,2,0.002502,0.025477999999999997,0.9257
BBDC3,LREN3,2,0.002555,0.00418,0.92435
BRML3,LREN3,2,0.00301,0.0058455,0.9437
MOTV3,RENT3,2,0.003151,0.0261135,0.8806499999999999
KLBN11,TOTS3,2,0.003302,0.0047355,0.8665
EZTC3,VIVT4,2,0.003416,0.019342500000000002,0.91245
MULT3,NEOE3,2,0.003483,0.0231875,0.91125
ECOR3,MULT3,2,0.003628,0.0174565,0.96425
ENEV3,MOTV3,2,0.003819,0.022888500000000003,0.9117500000000001
CSAN3,QUAL3,2,0.003962,0.0105675,0.84395
ECOR3,SBSP3,2,0.004281,0.009949,0.93895
FIBR3,MOTV3,2,0.004282,0.016366,0.91925
B3SA3,BBDC4,2,0.004362,0.024055999999999998,0.92805
B3SA3,BPAC11,2,0.004684,0.0154975,0.9406
COGN3,MULT3,2,0.004801,0.026775,0.95235
AMER3,RAIL3,2,0.004962,0.013813,0.8244
B3SA3,UGPA3,2,0.005146,0.0171535,0.9399
BBDC4,BRSR6,2,0.005335,0.0079035,0.9559500000000001
CSAN3,IRBR3,2,0.0056,0.0255475,0.8274
MRVE3,UGPA3,2,0.005623,0.022627500000000002,0.9305
AXIA6,B3SA3,2,0.005684,0.011255000000000001,0.89395
EGIE3,TIMS3,2,0.005867,0.022296,0.8567
ABEV3,EZTC3,2,0.006029,0.011365,0.8627
MOTV3,VBBR3,2,0.006105,0.0114475,0.8938999999999999
BRFS3,BRKM5,2,0.006133,0.0203845,0.88095
B3SA3,EGIE3,2,0.006271,0.007119,0.8837999999999999
COGN3,ITSA4,2,0.006285,0.027343,0.9560500000000001
AZUL54,CMIG4,2,0.006361,0.012952499999999999,0.9097500000000001
CPFE3,IGTA3,2,0.006375,0.0197455,0.8413999999999999
FLRY3,USIM5,2,0.006495,0.009093,0.9062
KLBN11,SUZB3,2,0.006618,0.026563,0.9641
AXIA6,DXCO3,2,0.006634,0.007126,0.86095
HYPE3,YDUQ3,2,0.006694,0.011255500000000002,0.8766499999999999
CSAN3,MRVE3,2,0.006805,0.026460499999999998,0.8753500000000001
MULT3,MYPK3,2,0.0072,0.011251,0.8521000000000001
BPAC11,IGTI11,2,0.007265,0.0125175,0.9277
BBSE3,CYRE3,2,0.007583,0.0096155,0.9243
AZUL54,CSMG3,2,0.007663,0.0255595,0.8451
CYRE3,MULT3,2,0.007707,0.0097825,0.9257500000000001
IGTA3,ITSA4,2,0.007995,0.013750499999999999,0.9047000000000001
AXIA3,B3SA3,2,0.008132,0.0083105,0.9049499999999999
ITUB4,MULT3,2,0.008356,0.015655,0.93695
HAPV3,VBBR3,2,0.00838,0.022592,0.93285
MDIA3,MOTV3,2,0.008405,0.0261375,0.8631
CPFE3,ENGI11,2,0.008436,0.013798000000000001,0.8919
BPAC11,MOTV3,2,0.008787,0.023385999999999997,0.9142
ENGI11,ITSA4,2,0.009047,0.012671,0.9661
AXIA3,ITSA4,2,0.00934,0.0158805,0.8807499999999999
MGLU3,VALE3,2,0.00947,0.0095785,0.88645
CMIG4,MBRF3,2,0.009518,0.0096055,0.9179999999999999
IGTA3,MYPK3,2,0.009554,0.0156905,0.8933
BBSE3,SBSP3,2,0.009866,0.0244755,0.90765
NATU3,VBBR3,2,0.010072,0.0219545,0.8882
LREN3,QUAL3,2,0.010352,0.025338,0.9333499999999999
MULT3,VIVT4,2,0.0105,0.030178,0.899
AURE3,MOTV3,2,0.010925,0.021823000000000002,0.85815
BBSE3,IGTA3,2,0.01102,0.0126605,0.8834500000000001
MDIA3,NATU3,2,0.01116,0.0196595,0.8769499999999999
AXIA3,BPAC11,2,0.011258,0.0120995,0.9047000000000001
RAIL3,YDUQ3,2,0.01138,0.0247075,0.874
OIBR3,QUAL3,2,0.011591,0.025092500000000004,0.8855
GNDI3,OIBR3,2,0.012083,0.013568,0.8280000000000001
COGN3,SEER3,2,0.012158,0.024851,0.88535
AZZA3,HYPE3,2,0.012255,0.018838,0.89195
LWSA3,RENT3,2,0.012434,0.0150205,0.8565499999999999
CPFE3,PETR3,2,0.012496,0.020206500000000002,0.9016500000000001
ENGI11,POMO4,2,0.012544,0.027537,0.8915500000000001
MULT3,YDUQ3,2,0.01274,0.022683500000000002,0.8678
BBDC4,ITSA4,2,0.012935,0.023113,0.982
RENT3,YDUQ3,2,0.013702,0.030484999999999998,0.8936
RENT3,VALE3,2,0.013708,0.0230375,0.83595
BHIA3,HAPV3,2,0.013824,0.030032000000000003,0.88205
CSMG3,RADL3,2,0.013925,0.028358,0.9448000000000001
BRML3,ITSA4,2,0.014113,0.0284145,0.86325
BRML3,YDUQ3,2,0.014305,0.020641,0.8963
IGTA3,ITUB4,2,0.014592,0.022398500000000002,0.8783000000000001
BBDC4,IGTI11,2,0.015365,0.0175665,0.9277
DXCO3,RENT3,2,0.016073,0.0193775,0.94525
BPAC11,SBSP3,2,0.016919,0.018202,0.9572
CPFE3,PETR4,2,0.017544,0.0210505,0.89335
ENGI11,MULT3,2,0.017905,0.026131500000000002,0.9054
EGIE3,MYPK3,2,0.018111,0.027444499999999997,0.88305
EGIE3,HYPE3,2,0.018879,0.024586,0.84895
MYPK3,VVAR11,2,0.019144,0.025732500000000002,0.9323
AZZA3,COGN3,2,0.019274,0.022515,0.9358500000000001
BBDC3,EZTC3,2,0.019697,0.0255375,0.8440000000000001
MOTV3,YDUQ3,2,0.019733,0.023863000000000002,0.8452999999999999
MOVI3,SMFT3,2,0.020734,0.0213345,0.8974
SMFT3,YDUQ3,2,0.02137,0.026964,0.89255
ITUB4,TIMS3,2,0.022043,0.030621,0.9336
FLRY3,UGPA3,2,0.022072,0.0293205,0.8795
CYRE3,VIVT4,2,0.022158,0.031101499999999997,0.92235
SAPR11,YDUQ3,2,0.023277,0.0286015,0.8822000000000001
UGPA3,VALE3,2,0.02351,0.026452999999999997,0.88895
AZUL54,EQTL3,2,0.024489,0.032159,0.9277
EZTC3,ITSA4,2,0.024563,0.027766,0.846
FLRY3,VIVT3,2,0.025747,0.037674,0.89825
MOTV3,SAUD3,2,0.025797,0.0356925,0.8741
BRKM5,VBBR3,2,0.025959,0.0328475,0.8441
AXIA6,BPAC11,2,0.026543,0.0349515,0.8951499999999999
MBRF3,QUAL3,2,0.026965,0.031358,0.9107000000000001
BBDC4,MULT3,2,0.027355,0.0376835,0.88285
BBAS3,ITSA4,2,0.028286,0.0301605,0.9344
IGTA3,YDUQ3,2,0.028529,0.036008,0.8748499999999999
IGTI11,MULT3,2,0.028725,0.0326235,0.90835
CYRE3,MOTV3,2,0.032673,0.0344255,0.92555
FIBR3,SAUD3,2,0.032805,0.032885,0.8567
MRVE3,VIVT4,2,0.035533,0.039978,0.90075
BRML3,CIEL3,2,0.035777,0.04084550000000001,0.86745
MULT3,UGPA3,2,0.039745,0.0397845,0.8762
BPAC11,ITUB4,2,0.044496,0.0470295,0.86775
CSMG3,CTIP3,1,0.0,0.0,0.972
IGTA3,RUMO3,1,0.0,0.0,0.833
PCAR3,YDUQ3,1,0.0,0.0,0.8032
RADL3,SMLS3,1,0.0,0.0,0.953
BBSE3,EQTL3,1,1e-06,1e-06,0.9741
MULT3,RUMO3,1,2e-06,2e-06,0.8112
EMBJ3,RUMO3,1,3e-06,3e-06,0.8937
SBFG3,YDUQ3,1,5e-06,5e-06,0.9461
LREN3,RUMO3,1,1.8e-05,1.8e-05,0.8541
RENT3,STBP3,1,2.1e-05,2.1e-05,0.9382
BBDC3,MYPK3,1,2.4e-05,2.4e-05,0.8398
BBDC3,BEEF3,1,2.6e-05,2.6e-05,0.8559
MDIA3,RUMO3,1,2.8e-05,2.8e-05,0.9202
CIEL3,VIVT4,1,3e-05,3e-05,0.9027
HYPE3,NEOE3,1,3.1e-05,3.1e-05,0.8632
AXIA3,BBAS3,1,3.7e-05,3.7e-05,0.9633
LEVE3,TOTS3,1,3.7e-05,3.7e-05,0.8403
COGN3,SMLS3,1,3.8e-05,3.8e-05,0.9692
CMIN3,RAIL3,1,3.9e-05,3.9e-05,0.9206
CYRE3,UGPA3,1,5.8e-05,5.8e-05,0.9085
ENBR3,LREN3,1,5.8e-05,5.8e-05,0.9241
LREN3,TAEE11,1,6e-05,6e-05,0.9648
FLRY3,RUMO3,1,7e-05,7e-05,0.9107
SBSP3,SMLS3,1,7.3e-05,7.3e-05,0.9425
CSMG3,RUMO3,1,7.7e-05,7.7e-05,0.9087
LREN3,SMLS3,1,8e-05,8e-05,0.9577
COGN3,TIMS3,1,8.6e-05,8.6e-05,0.9196
CPLE3,CPLE6,1,9.5e-05,9.5e-05,0.9861
CPFE3,RUMO3,1,0.00011,0.00011,0.8595
GOAU4,RENT3,1,0.000117,0.000117,0.9635
BBDC4,MYPK3,1,0.000122,0.000122,0.8969
LCAM3,RENT3,1,0.000126,0.000126,0.9911
CSAN3,ENEV3,1,0.000135,0.000135,0.9729
MULT3,SMLS3,1,0.000138,0.000138,0.9356
GGBR4,LCAM3,1,0.000174,0.000174,0.9709
PRIO3,UGPA3,1,0.00018,0.00018,0.8981
MGLU3,SULA11,1,0.000186,0.000186,0.9644
CBAV3,RDOR3,1,0.000187,0.000187,0.9092
RENT3,USIM5,1,0.000195,0.000195,0.9534
HAPV3,VALE3,1,0.000206,0.000206,0.9222
IGTI11,ISAE4,1,0.000206,0.000206,0.8734
BBSE3,ITSA4,1,0.000217,0.000217,0.9483
BRSR6,ITSA4,1,0.000233,0.000233,0.9791
EQTL3,POSI3,1,0.000238,0.000238,0.8971
LREN3,VLID3,1,0.00024,0.00024,0.9133
ABEV3,DAGB33,1,0.000258,0.000258,0.8054
HYPE3,SAPR11,1,0.000259,0.000259,0.8538
CVCB3,RAIZ4,1,0.000262,0.000262,0.9548
RADL3,RUMO3,1,0.000263,0.000263,0.8247
LREN3,TEND3,1,0.000266,0.000266,0.9673
EQTL3,RUMO3,1,0.000267,0.000267,0.8874
ABEV3,WEGE3,1,0.000281,0.000281,0.967
DXCO3,MDIA3,1,0.000296,0.000296,0.9107
ABEV3,SEDU3,1,0.000309,0.000309,0.8283
GOAU4,LCAM3,1,0.000333,0.000333,0.9702
AXIA6,BBAS3,1,0.000344,0.000344,0.9568
ENBR3,YDUQ3,1,0.000348,0.000348,0.9089
CURY3,WEGE3,1,0.000351,0.000351,0.9528
BPAN4,VBBR3,1,0.000357,0.000357,0.9437
EGIE3,GFSA3,1,0.000369,0.000369,0.8068
COGN3,RUMO3,1,0.00038,0.00038,0.8821
MGLU3,SANB11,1,0.000384,0.000384,0.9846
GOLL54,POMO4,1,0.000407,0.000407,0.9304
AUAU3,BRKM5,1,0.000417,0.000417,0.8123
AXIA3,JHSF3,1,0.000422,0.000422,0.9141
AMER3,COGN3,1,0.00043,0.00043,0.9365
BBDC4,YDUQ3,1,0.000435,0.000435,0.8599
LCAM3,LREN3,1,0.000442,0.000442,0.9743
HYPE3,TIMS3,1,0.000451,0.000451,0.8323
AMER3,ITUB3,1,0.000455,0.000455,0.9355
BBSE3,TAEE11,1,0.000456,0.000456,0.9645
ISAE4,RUMO3,1,0.000456,0.000456,0.8977
HGTX3,POMO4,1,0.000462,0.000462,0.926
GOLL54,HGTX3,1,0.000464,0.000464,0.954
CVCB3,GMAT3,1,0.000474,0.000474,0.9192
IGTA3,SMLS3,1,0.000508,0.000508,0.9548
BBDC3,YDUQ3,1,0.000551,0.000551,0.8828
SRNA3,TOTS3,1,0.000556,0.000556,0.9737
IGTA3,MBRF3,1,0.000565,0.000565,0.8946
SAUD3,TOTS3,1,0.000586,0.000586,0.8017
ALSC3,MYPK3,1,0.000593,0.000593,0.9206
MOTV3,SAPR11,1,0.000595,0.000595,0.8903
ITSA4,MBRF3,1,0.000603,0.000603,0.8383
TEND3,WEGE3,1,0.000619,0.000619,0.8184
MEAL3,YDUQ3,1,0.00065,0.00065,0.9466
DIRR3,NEOE3,1,0.000654,0.000654,0.9795
COGN3,NATU3,1,0.000687,0.000687,0.8484
BBAS3,IRBR3,1,0.000701,0.000701,0.836
RADL3,SBSP3,1,0.000703,0.000703,0.9728
BRSR6,MYPK3,1,0.000706,0.000706,0.9173
CSAN3,RUMO3,1,0.00074,0.00074,0.8552
CMIG4,CRFB3,1,0.000766,0.000766,0.8039
DXCO3,VALE3,1,0.000767,0.000767,0.9143
ITSA4,RAPT4,1,0.00078,0.00078,0.9227
B3SA3,ITSA4,1,0.000826,0.000826,0.9086
COGN3,VIVT4,1,0.000832,0.000832,0.9239
EZTC3,MULT3,1,0.000846,0.000846,0.8572
EGIE3,ITSA4,1,0.000887,0.000887,0.9063
MULT3,SBFG3,1,0.000904,0.000904,0.8911
MEAL3,TIMS3,1,0.000915,0.000915,0.8722
DIRR3,TIMS3,1,0.000974,0.000974,0.9879
ANIM3,NATU3,1,0.00098,0.00098,0.8908
COGN3,RADL3,1,0.000984,0.000984,0.9634
CTIP3,EMBJ3,1,0.000991,0.000991,0.9313
NATU3,SEER3,1,0.001008,0.001008,0.8505
TIMS3,VBBR3,1,0.001009,0.001009,0.8234
IGTA3,SBFG3,1,0.001047,0.001047,0.9129
ABEV3,VVAR11,1,0.00105,0.00105,0.9299
B3SA3,RUMO3,1,0.001061,0.001061,0.8183
NATU3,WEGE3,1,0.001064,0.001064,0.8396
HYPE3,PSSA3,1,0.001068,0.001068,0.8119
GNDI3,MBRF3,1,0.001094,0.001094,0.8382
RECV3,SBSP3,1,0.001105,0.001105,0.8826
CVCB3,ECOR3,1,0.001122,0.001122,0.9238
ECOR3,RUMO3,1,0.001131,0.001131,0.8996
ENBR3,VBBR3,1,0.001144,0.001144,0.9278
FLRY3,ITUB4,1,0.001169,0.001169,0.9326
GOLL54,SULA11,1,0.001174,0.001174,0.9558
BBDC3,BRML3,1,0.0012,0.0012,0.9397
EZTC3,IGTA3,1,0.001222,0.001222,0.8841
ABEV3,LREN3,1,0.001248,0.001248,0.9652
BRML3,SBFG3,1,0.00126,0.00126,0.9087
MYPK3,PCAR4,1,0.001298,0.001298,0.9224
ABEV3,VIVT4,1,0.001333,0.001333,0.9509
GNDI3,QUAL3,1,0.001337,0.001337,0.9829
ENGI11,MGLU3,1,0.001354,0.001354,0.8983
CMIG4,GOLL54,1,0.001366,0.001366,0.9095
AESB3,POMO4,1,0.001367,0.001367,0.914
LREN3,VIVT4,1,0.001421,0.001421,0.965
HGTX3,VIVT4,1,0.001435,0.001435,0.9568
RUMO3,SBSP3,1,0.001523,0.001523,0.8067
AZUL54,MBRF3,1,0.001553,0.001553,0.8978
RADL3,RENT3,1,0.001557,0.001557,0.8473
SAPR11,WEGE3,1,0.001566,0.001566,0.8871
CPLE6,GOLL54,1,0.001601,0.001601,0.8882
SMFT3,UGPA3,1,0.001601,0.001601,0.8791
ECOR3,SULA11,1,0.001635,0.001635,0.9268
BPAC11,NEOE3,1,0.001642,0.001642,0.9742
ENBR3,SBSP3,1,0.001644,0.001644,0.8045
ENGI11,EQTL3,1,0.001682,0.001682,0.9742
B3SA3,BBAS3,1,0.001691,0.001691,0.9434
ABEV3,GRND3,1,0.001698,0.001698,0.8108
ABEV3,BBDC3,1,0.001768,0.001768,0.8945
CBAV3,VBBR3,1,0.001826,0.001826,0.8948
ECOR3,MDIA3,1,0.001831,0.001831,0.8828
BRFS3,FIBR3,1,0.001862,0.001862,0.9086
LCAM3,TAEE11,1,0.001875,0.001875,0.9577
ITSA4,USIM5,1,0.001911,0.001911,0.9479
ENGI11,LCAM3,1,0.001917,0.001917,0.9539
FLRY3,YDUQ3,1,0.001934,0.001934,0.9282
EQTL3,VIVT4,1,0.001948,0.001948,0.9602
BBAS3,EGIE3,1,0.00196,0.00196,0.9106
ALOS3,IRBR3,1,0.001976,0.001976,0.9075
KLBN11,NATU3,1,0.00201,0.00201,0.8961
BBDC4,EZTC3,1,0.002013,0.002013,0.9573
CVCB3,PETR3,1,0.002026,0.002026,0.8814
CMIG4,POMO4,1,0.00203,0.00203,0.9208
ABEV3,COGN3,1,0.002059,0.002059,0.9486
SLCE3,UGPA3,1,0.002063,0.002063,0.963
BBSE3,VIVT4,1,0.002183,0.002183,0.9594
IGTA3,RENT3,1,0.002184,0.002184,0.9605
EMBJ3,KLBN11,1,0.002195,0.002195,0.8619
ETER3,IGTA3,1,0.002206,0.002206,0.8971
ABEV3,SUZB5,1,0.002253,0.002253,0.8087
MEAL3,NEOE3,1,0.00226,0.00226,0.9325
ABEV3,HGTX3,1,0.002339,0.002339,0.9608
SBSP3,TEND3,1,0.002366,0.002366,0.9342
CESP6,SEER3,1,0.00237,0.00237,0.864
AXIA6,BPAN4,1,0.002378,0.002378,0.9315
RUMO3,TAEE11,1,0.002381,0.002381,0.8246
AMER3,LREN3,1,0.002392,0.002392,0.8219
ECOR3,ITSA4,1,0.002406,0.002406,0.9041
IGTI11,MOTV3,1,0.002408,0.002408,0.8975
CVCB3,PETR4,1,0.00241,0.00241,0.8756
CRUZ3,FIBR3,1,0.002416,0.002416,0.8531
ABEV3,UGPA3,1,0.00242,0.00242,0.8889
ENGI11,SBFG3,1,0.002428,0.002428,0.8929
ALPA4,LINX3,1,0.002449,0.002449,0.9331
AXIA3,PRIO3,1,0.002468,0.002468,0.9144
DXCO3,USIM5,1,0.002475,0.002475,0.9645
QUAL3,RUMO3,1,0.002478,0.002478,0.9069
RDOR3,USIM5,1,0.00252,0.00252,0.8046
LWSA3,SMFT3,1,0.002536,0.002536,0.8926
BEEF3,MULT3,1,0.002542,0.002542,0.8577
GOAU4,TOTS3,1,0.002561,0.002561,0.9547
AURE3,RDOR3,1,0.002564,0.002564,0.9468
EQTL3,EZTC3,1,0.002572,0.002572,0.9639
BHIA3,CPFE3,1,0.002609,0.002609,0.881
RAPT4,RUMO3,1,0.002609,0.002609,0.893
BBSE3,ITUB4,1,0.002633,0.002633,0.9199
AXIA3,AXIA6,1,0.002658,0.002658,0.9925
MGLU3,RADL3,1,0.002666,0.002666,0.9764
LCAM3,USIM5,1,0.002669,0.002669,0.9552
ITSA4,TIMS3,1,0.002673,0.002673,0.9501
IGTA3,MEAL3,1,0.002674,0.002674,0.9252
ALOS3,BRML3,1,0.002703,0.002703,0.9822
CSAN3,WEGE3,1,0.002703,0.002703,0.9498
LWSA3,MOVI3,1,0.002708,0.002708,0.921
BBAS3,BBSE3,1,0.00271,0.00271,0.9272
ENBR3,EZTC3,1,0.002732,0.002732,0.8724
CVCB3,VBBR3,1,0.002794,0.002794,0.9214
ALSC3,BRSR6,1,0.002796,0.002796,0.9581
ALSC3,RUMO3,1,0.0028,0.0028,0.8638
AURE3,BBDC3,1,0.00282,0.00282,0.8041
BBAS3,MULT3,1,0.002822,0.002822,0.9093
COGN3,ENBR3,1,0.002831,0.002831,0.9413
PETR4,SANB11,1,0.002839,0.002839,0.8738
BBDC4,BRML3,1,0.00286,0.00286,0.923
B3SA3,ITUB4,1,0.002866,0.002866,0.9427
BBDC4,BBSE3,1,0.0029,0.0029,0.9353
ASAI3,MBRF3,1,0.00291,0.00291,0.8837
BBDC3,PCAR4,1,0.002918,0.002918,0.9033
MPLU3,MYPK3,1,0.002945,0.002945,0.92
SBSP3,VIVT4,1,0.002964,0.002964,0.9175
ALSC3,MBRF3,1,0.002989,0.002989,0.8965
CSMG3,IGTI11,1,0.002991,0.002991,0.9168
BBSE3,PETR4,1,0.003045,0.003045,0.9026
BRFS3,VBBR3,1,0.003085,0.003085,0.9479
LCAM3,TEND3,1,0.003109,0.003109,0.9745
CPFE3,RAIL3,1,0.003164,0.003164,0.8584
PSSA3,TEND3,1,0.003168,0.003168,0.8206
IGTA3,MPLU3,1,0.003169,0.003169,0.8497
MULT3,SULA11,1,0.003176,0.003176,0.8584
SULA11,VIVT4,1,0.00319,0.00319,0.9604
LREN3,MULT3,1,0.003234,0.003234,0.9591
CSNA3,LCAM3,1,0.00327,0.00327,0.9483
JBSS3,VLID3,1,0.003285,0.003285,0.8502
BBDC3,ITSA4,1,0.003298,0.003298,0.9724
CURY3,MBRF3,1,0.003351,0.003351,0.9223
ABEV3,ENBR3,1,0.003358,0.003358,0.8007
AXIA6,CSAN3,1,0.003363,0.003363,0.9057
AURE3,TAEE11,1,0.003389,0.003389,0.8203
IGTA3,VVAR11,1,0.003389,0.003389,0.9531
ENBR3,NATU3,1,0.003457,0.003457,0.8051
IGTA3,LREN3,1,0.003478,0.003478,0.966
BPAC11,VBBR3,1,0.003489,0.003489,0.9389
ENGI11,MRVE3,1,0.003499,0.003499,0.9319
AXIA6,PRIO3,1,0.003501,0.003501,0.9168
EQTL3,HAPV3,1,0.003512,0.003512,0.9561
AXIA3,CSAN3,1,0.00352,0.00352,0.8975
BBAS3,LREN3,1,0.003559,0.003559,0.9285
AZZA3,MYPK3,1,0.00357,0.00357,0.9729
ALOS3,VBBR3,1,0.003583,0.003583,0.9576
COGN3,POMO4,1,0.003592,0.003592,0.8184
HAPV3,LWSA3,1,0.003602,0.003602,0.889
BBDC4,ISAE4,1,0.003642,0.003642,0.8903
COGN3,IGTI11,1,0.003665,0.003665,0.8364
CSAN3,MBRF3,1,0.003705,0.003705,0.8659
BRFS3,MGLU3,1,0.003782,0.003782,0.8699
ENBR3,FLRY3,1,0.0038,0.0038,0.9007
INTB3,ITSA4,1,0.003866,0.003866,0.8774
BBDC4,RUMO3,1,0.00391,0.00391,0.8521
HYPE3,MOTV3,1,0.003945,0.003945,0.8032
CESP6,TOTS3,1,0.004006,0.004006,0.8204
EQTL3,SULA11,1,0.004111,0.004111,0.961
MBRF3,YDUQ3,1,0.004199,0.004199,0.8959
MOTV3,RDOR3,1,0.004221,0.004221,0.9601
VIVT4,VVAR11,1,0.004276,0.004276,0.9317
CMIG4,LREN3,1,0.004315,0.004315,0.9133
EGIE3,RADL3,1,0.004319,0.004319,0.9485
JBSS3,MDIA3,1,0.00433,0.00433,0.9169
ENBR3,RUMO3,1,0.004386,0.004386,0.8509
AZUL54,DIRR3,1,0.004392,0.004392,0.9012
ECOR3,SAPR11,1,0.004392,0.004392,0.9144
QUAL3,VIVT4,1,0.004412,0.004412,0.8552
ENBR3,MRVE3,1,0.004419,0.004419,0.8411
MEAL3,MULT3,1,0.004468,0.004468,0.9132
AXIA3,IGTI11,1,0.00447,0.00447,0.8843
ALPA4,EQTL3,1,0.004491,0.004491,0.9702
COGN3,SAPR11,1,0.0045,0.0045,0.9157
AMER3,B3SA3,1,0.004502,0.004502,0.9448
AMER3,VIVT4,1,0.004514,0.004514,0.9428
CPFE3,HGTX3,1,0.004544,0.004544,0.8467
RAIL3,UGPA3,1,0.00455,0.00455,0.8844
BBDC3,BRSR6,1,0.004556,0.004556,0.8738
ALOS3,CIEL3,1,0.004561,0.004561,0.8866
HGTX3,VLID3,1,0.004574,0.004574,0.8162
ECOR3,LREN3,1,0.004576,0.004576,0.9316
MOTV3,RUMO3,1,0.004586,0.004586,0.8364
CSAN3,PETR3,1,0.004617,0.004617,0.9597
AUAU3,DXCO3,1,0.00462,0.00462,0.9708
CURY3,ITSA4,1,0.004631,0.004631,0.9808
ABEV3,ITSA4,1,0.004649,0.004649,0.8968
B3SA3,MYPK3,1,0.004698,0.004698,0.9652
EZTC3,MBRF3,1,0.004722,0.004722,0.8283
ENBR3,HGTX3,1,0.004733,0.004733,0.915
AURE3,BPAC11,1,0.004798,0.004798,0.911
BBDC3,GOAU4,1,0.004804,0.004804,0.8624
SBSP3,TAEE11,1,0.004872,0.004872,0.9401
LREN3,YDUQ3,1,0.004916,0.004916,0.9003
AZZA3,SAUD3,1,0.004936,0.004936,0.97
BBSE3,PSSA3,1,0.004937,0.004937,0.8063
AXIA3,BPAN4,1,0.004991,0.004991,0.9264
FLRY3,GOAU4,1,0.004998,0.004998,0.8789
CPFE3,MOTV3,1,0.005012,0.005012,0.8332
BBDC4,SEER3,1,0.005025,0.005025,0.8058
MDIA3,RENT3,1,0.005036,0.005036,0.9407
MOTV3,OIBR3,1,0.005054,0.005054,0.8442
AZZA3,USIM5,1,0.005063,0.005063,0.9686
MYPK3,QUAL3,1,0.005105,0.005105,0.8846
SEER3,VVAR11,1,0.005105,0.005105,0.8864
GGBR4,TOTS3,1,0.005132,0.005132,0.9561
MOTV3,MULT3,1,0.005162,0.005162,0.9576
DXCO3,IGTA3,1,0.005192,0.005192,0.9113
ALSC3,ITSA4,1,0.0052,0.0052,0.957
CPFE3,LCAM3,1,0.005203,0.005203,0.8499
BRAP4,VALE5,1,0.005249,0.005249,0.9809
PETR3,SANB11,1,0.005292,0.005292,0.8328
CIEL3,TIMS3,1,0.005303,0.005303,0.8651
CTIP3,PETR4,1,0.00531,0.00531,0.9376
BBDC4,OIBR4,1,0.005339,0.005339,0.9304
GNDI3,NATU3,1,0.005345,0.005345,0.9265
EQTL3,LREN3,1,0.005354,0.005354,0.9614
ALPA4,BBSE3,1,0.005388,0.005388,0.9607
BBSE3,HAPV3,1,0.005396,0.005396,0.9487
SEDU3,SUZB5,1,0.0054,0.0054,0.9031
LCAM3,VBBR3,1,0.005439,0.005439,0.9139
PCAR4,WEGE3,1,0.005468,0.005468,0.895
PSSA3,VIVA3,1,0.005489,0.005489,0.8063
CPFE3,EZTC3,1,0.005503,0.005503,0.8393
COGN3,MBRF3,1,0.005526,0.005526,0.8651
CPFE3,TOTS3,1,0.005615,0.005615,0.8913
CURY3,ITUB4,1,0.005619,0.005619,0.9801
LREN3,PSSA3,1,0.005654,0.005654,0.9417
DXCO3,GOAU4,1,0.005662,0.005662,0.9611
CVCB3,HYPE3,1,0.005678,0.005678,0.8108
GNDI3,PRIO3,1,0.005768,0.005768,0.9044
ECOR3,NEOE3,1,0.005773,0.005773,0.9624
AXIA6,ITSA3,1,0.005871,0.005871,0.9126
MYPK3,USIM5,1,0.00589,0.00589,0.961
EQTL3,ISAE4,1,0.005897,0.005897,0.9755
SAPR11,TAEE11,1,0.005922,0.005922,0.8982
CSNA3,EMBJ3,1,0.005946,0.005946,0.9405
PCAR4,TIMS3,1,0.005955,0.005955,0.9012
MBRF3,MULT3,1,0.005965,0.005965,0.8404
GOLL54,ITUB4,1,0.005971,0.005971,0.9476
CYRE3,IGTA3,1,0.006013,0.006013,0.9266
EQTL3,VBBR3,1,0.00604,0.00604,0.9168
BEEF3,VIVT4,1,0.006066,0.006066,0.8708
BRAP4,VALE3,1,0.0061,0.0061,0.9795
ALOS3,ENGI11,1,0.006102,0.006102,0.9381
CTIP3,PETR3,1,0.006102,0.006102,0.9412
HYPE3,MEAL3,1,0.006103,0.006103,0.8119
BBAS3,BBDC4,1,0.006108,0.006108,0.8763
BPAN4,CBAV3,1,0.006116,0.006116,0.8717
PARD3,TOTS3,1,0.006123,0.006123,0.8878
CSMG3,EGIE3,1,0.006157,0.006157,0.9474
B3SA3,TOTS3,1,0.006171,0.006171,0.8463
MGLU3,VAMO3,1,0.006176,0.006176,0.9324
MOTV3,QUAL3,1,0.006178,0.006178,0.8471
AZZA3,B3SA3,1,0.006195,0.006195,0.9685
AZUL54,VIVT4,1,0.006223,0.006223,0.938
BRAP4,DXCO3,1,0.006234,0.006234,0.8843
BBDC4,VVAR11,1,0.006309,0.006309,0.9482
LREN3,SULA11,1,0.006321,0.006321,0.9544
BBDC4,MOTV3,1,0.006326,0.006326,0.8712
CASH3,CBAV3,1,0.00634,0.00634,0.8388
LREN3,MPLU3,1,0.006357,0.006357,0.8688
JBSS3,QUAL3,1,0.00636,0.00636,0.9073
LREN3,VVAR11,1,0.006383,0.006383,0.9579
AXIA6,ITUB3,1,0.006414,0.006414,0.9135
GMAT3,MDIA3,1,0.006508,0.006508,0.8858
MBRF3,PCAR4,1,0.006509,0.006509,0.8797
ASAI3,HYPE3,1,0.00658,0.00658,0.9468
MBRF3,NATU3,1,0.006611,0.006611,0.9369
HYPE3,OIBR3,1,0.006672,0.006672,0.8249
LAME3,POMO4,1,0.006704,0.006704,0.9334
B3SA3,ENGI11,1,0.006709,0.006709,0.9068
AURE3,VIVA3,1,0.006728,0.006728,0.9415
CURY3,MULT3,1,0.006763,0.006763,0.9699
MDIA3,MULT3,1,0.006764,0.006764,0.8439
BBAS3,PETR4,1,0.006811,0.006811,0.9373
FLRY3,GGBR4,1,0.006812,0.006812,0.8655
LINX3,WEGE3,1,0.006862,0.006862,0.8274
BRML3,IRBR3,1,0.006911,0.006911,0.9064
ITSA4,MOVI3,1,0.006927,0.006927,0.9611
EMBJ3,TIMS3,1,0.006972,0.006972,0.8422
CVCB3,RADL3,1,0.006997,0.006997,0.9529
CSAN3,NATU3,1,0.00703,0.00703,0.8582
BPAN4,HAPV3,1,0.00706,0.00706,0.934
TAEE11,VBBR3,1,0.007084,0.007084,0.9098
EGIE3,USIM5,1,0.007163,0.007163,0.9344
BRAP4,CTIP3,1,0.00724,0.00724,0.9463
TEND3,VBBR3,1,0.007248,0.007248,0.918
BBAS3,ENGI11,1,0.00726,0.00726,0.89
GOLL54,UGPA3,1,0.007268,0.007268,0.8955
AZZA3,BBSE3,1,0.007283,0.007283,0.8551
CPFE3,SULA11,1,0.007326,0.007326,0.846
CSAN3,PETR4,1,0.007365,0.007365,0.9562
GOLL54,MOVI3,1,0.007372,0.007372,0.858
BBAS3,BPAC11,1,0.007413,0.007413,0.9204
GOLL54,ITUB3,1,0.007496,0.007496,0.9512
ENGI11,NATU3,1,0.007516,0.007516,0.9267
CURY3,NEOE3,1,0.007524,0.007524,0.9472
GOAU4,USIM5,1,0.007536,0.007536,0.9781
ENBR3,PETR4,1,0.007549,0.007549,0.8522
GNDI3,JBSS3,1,0.00765,0.00765,0.835
ABEV3,AMER3,1,0.007659,0.007659,0.9151
AZZA3,PSSA3,1,0.007662,0.007662,0.9477
EMBJ3,QUAL3,1,0.007663,0.007663,0.9291
EQTL3,MGLU3,1,0.007712,0.007712,0.9496
CPFE3,CYRE3,1,0.007722,0.007722,0.8509
ENGI11,SBSP3,1,0.007807,0.007807,0.985
ENBR3,IGTI11,1,0.007839,0.007839,0.8135
ITSA4,MOTV3,1,0.007843,0.007843,0.8773
IGTI11,SBSP3,1,0.007907,0.007907,0.9769
BPAC11,EQTL3,1,0.007924,0.007924,0.969
ISAE4,SUZB3,1,0.00794,0.00794,0.8026
VBBR3,VIVA3,1,0.007943,0.007943,0.9527
EGIE3,ITUB4,1,0.007958,0.007958,0.8533
AXIA3,BBDC4,1,0.007961,0.007961,0.9315
DIRR3,WEGE3,1,0.007987,0.007987,0.9625
ABEV3,MULT3,1,0.007994,0.007994,0.8633
ENGI11,NEOE3,1,0.008028,0.008028,0.9681
BBAS3,IGTA3,1,0.008066,0.008066,0.9248
B3SA3,IGTI11,1,0.008067,0.008067,0.8825
RENT3,TEND3,1,0.008094,0.008094,0.9621
ECOR3,ENGI11,1,0.008099,0.008099,0.9727
ENBR3,PETR3,1,0.008113,0.008113,0.8559
ABEV3,JBSS3,1,0.008173,0.008173,0.8261
ITSA4,RUMO3,1,0.008176,0.008176,0.8642
SAPR11,VIVT4,1,0.008202,0.008202,0.8786
EMBJ3,SUZB3,1,0.008254,0.008254,0.8808
AXIA6,JHSF3,1,0.008261,0.008261,0.8881
GRND3,SUZB5,1,0.00828,0.00828,0.8548
CYRE3,EQTL3,1,0.008283,0.008283,0.9651
B3SA3,OIBR3,1,0.008325,0.008325,0.939
BRML3,IGTA3,1,0.008348,0.008348,0.9665
BRML3,COGN3,1,0.008351,0.008351,0.8592
IRBR3,SBFG3,1,0.008359,0.008359,0.816
MGLU3,SMLS3,1,0.008363,0.008363,0.8837
CSAN3,CYRE3,1,0.008401,0.008401,0.8216
BHIA3,EQTL3,1,0.008439,0.008439,0.9502
MDIA3,MPLU3,1,0.008525,0.008525,0.8657
ENBR3,ENGI11,1,0.008561,0.008561,0.9254
AXIA6,BBDC4,1,0.008569,0.008569,0.9328
EGIE3,SUZB5,1,0.008621,0.008621,0.8661
LREN3,MOTV3,1,0.008715,0.008715,0.9484
AXIA3,MOTV3,1,0.008721,0.008721,0.869
MULT3,TAEE11,1,0.008749,0.008749,0.8185
MOVI3,UGPA3,1,0.0088,0.0088,0.8371
FLRY3,PETR4,1,0.008831,0.008831,0.9659
FIBR3,TOTS3,1,0.008881,0.008881,0.8593
LIGT3,PETR4,1,0.008898,0.008898,0.8869
MPLU3,RENT3,1,0.00891,0.00891,0.9079
COGN3,SAUD3,1,0.008937,0.008937,0.8824
AESB3,RAPT4,1,0.008938,0.008938,0.9344
BRSR6,VIVT4,1,0.008962,0.008962,0.8874
ENBR3,LCAM3,1,0.008972,0.008972,0.8375
DXCO3,MOVI3,1,0.008974,0.008974,0.9535
ECOR3,HYPE3,1,0.009002,0.009002,0.8289
CIEL3,MULT3,1,0.009013,0.009013,0.8931
ABEV3,ITSA3,1,0.009021,0.009021,0.8417
SULA11,TAEE11,1,0.009202,0.009202,0.9499
DXCO3,NATU3,1,0.009252,0.009252,0.9422
MOTV3,NATU3,1,0.009305,0.009305,0.8347
DXCO3,MULT3,1,0.009309,0.009309,0.9002
CVCB3,GFSA3,1,0.009335,0.009335,0.8146
ABEV3,BBSE3,1,0.009359,0.009359,0.8326
EQTL3,IGTA3,1,0.009362,0.009362,0.9166
BRFS3,CPFE3,1,0.009442,0.009442,0.861
CTIP3,CVCB3,1,0.009442,0.009442,0.9734
ALSC3,MPLU3,1,0.009526,0.009526,0.8878
B3SA3,MRVE3,1,0.009551,0.009551,0.957
CPFE3,HAPV3,1,0.009573,0.009573,0.8268
LCAM3,SBSP3,1,0.009578,0.009578,0.9408
MGLU3,QUAL3,1,0.009607,0.009607,0.9696
SAUD3,SUZB5,1,0.009701,0.009701,0.9512
CTIP3,USIM5,1,0.009862,0.009862,0.9188
AXIA3,LREN3,1,0.009971,0.009971,0.8557
CYRE3,RAPT4,1,0.009971,0.009971,0.9229
LWSA3,NATU3,1,0.010084,0.010084,0.8337
RENT3,RUMO3,1,0.010139,0.010139,0.9036
EGIE3,FIBR3,1,0.010181,0.010181,0.922
BBAS3,HYPE3,1,0.010226,0.010226,0.821
GMAT3,RDOR3,1,0.010233,0.010233,0.9031
ENGI11,TEND3,1,0.010252,0.010252,0.96
BBDC3,VVAR11,1,0.010259,0.010259,0.8498
FIBR3,MPLU3,1,0.010263,0.010263,0.8297
AMER3,AZZA3,1,0.010303,0.010303,0.9491
AMER3,ITSA4,1,0.010306,0.010306,0.8634
BRKM5,TOTS3,1,0.01034,0.01034,0.818
HYPE3,VVAR11,1,0.010392,0.010392,0.9267
EMBJ3,MDIA3,1,0.010426,0.010426,0.9537
ASAI3,BBSE3,1,0.010475,0.010475,0.9515
ENBR3,TEND3,1,0.010487,0.010487,0.8146
DXCO3,PETR3,1,0.010572,0.010572,0.8849
EGIE3,IGTI11,1,0.010579,0.010579,0.9229
BRFS3,MOTV3,1,0.010653,0.010653,0.8115
AMER3,ITSA3,1,0.010745,0.010745,0.9066
EMBJ3,NEOE3,1,0.010767,0.010767,0.8457
RADL3,USIM5,1,0.010772,0.010772,0.8695
AZUL54,CURY3,1,0.010782,0.010782,0.8921
ITSA4,RAIL3,1,0.010929,0.010929,0.8802
ENEV3,RDOR3,1,0.010969,0.010969,0.9651
WEGE3,YDUQ3,1,0.011096,0.011096,0.9564
AESB3,EGIE3,1,0.011122,0.011122,0.9456
ENEV3,OIBR3,1,0.011124,0.011124,0.9305
AXIA6,GOLL54,1,0.011177,0.011177,0.8757
FIBR3,MYPK3,1,0.011191,0.011191,0.8927
COGN3,ITUB4,1,0.011273,0.011273,0.9778
DIRR3,ECOR3,1,0.011345,0.011345,0.977
MGLU3,ONCO3,1,0.011354,0.011354,0.9205
GGBR4,WEGE3,1,0.011373,0.011373,0.8813
CPFE3,ECOR3,1,0.011452,0.011452,0.8007
CMIG4,CYRE3,1,0.011461,0.011461,0.9274
ABEV3,KLBN11,1,0.01147,0.01147,0.8157
CASH3,CSNA3,1,0.011516,0.011516,0.9315
POSI3,TAEE11,1,0.011516,0.011516,0.9147
BBDC4,EGIE3,1,0.011545,0.011545,0.8845
BBAS3,GOAU4,1,0.011551,0.011551,0.9688
EZTC3,SAPR11,1,0.011565,0.011565,0.898
BRSR6,SULA11,1,0.011594,0.011594,0.9189
EZTC3,MOTV3,1,0.01165,0.01165,0.9486
CRUZ3,SEDU3,1,0.011661,0.011661,0.8299
CYRE3,DIRR3,1,0.011694,0.011694,0.958
EQTL3,RAIL3,1,0.01171,0.01171,0.9562
BBAS3,PETR3,1,0.011737,0.011737,0.929
PSSA3,SAUD3,1,0.011748,0.011748,0.9702
MULT3,VVAR11,1,0.011754,0.011754,0.8886
BPAC11,DIRR3,1,0.011765,0.011765,0.9824
BBDC3,EQTL3,1,0.011775,0.011775,0.9239
ISAE4,SMLS3,1,0.011817,0.011817,0.9487
SMFT3,VIVA3,1,0.011822,0.011822,0.9653
MGLU3,OIBR3,1,0.011874,0.011874,0.815
BPAC11,PRIO3,1,0.011916,0.011916,0.9184
CMIG4,ENEV3,1,0.011918,0.011918,0.8696
AURE3,POMO4,1,0.011951,0.011951,0.8723
CSAN3,SMLS3,1,0.012023,0.012023,0.8537
EGIE3,VALE5,1,0.012071,0.012071,0.8644
GGBR4,SANB11,1,0.012101,0.012101,0.9595
CPFE3,TAEE11,1,0.01213,0.01213,0.8191
BBDC4,PCAR4,1,0.012231,0.012231,0.9578
BBDC3,VIVT4,1,0.012256,0.012256,0.8836
BBDC3,RAPT4,1,0.012269,0.012269,0.9436
ENBR3,MDIA3,1,0.012345,0.012345,0.9357
PETR3,VBBR3,1,0.01239,0.01239,0.9068
LWSA3,MGLU3,1,0.012459,0.012459,0.9783
BIDI11,OIBR3,1,0.012482,0.012482,0.9345
MYPK3,OIBR4,1,0.012587,0.012587,0.8833
TOTS3,WEGE3,1,0.01262,0.01262,0.8243
BBSE3,MRVE3,1,0.012641,0.012641,0.8935
ASAI3,SBSP3,1,0.012685,0.012685,0.9242
ALPA4,QUAL3,1,0.012698,0.012698,0.9886
IRBR3,MDIA3,1,0.012718,0.012718,0.8709
BRML3,MULT3,1,0.012789,0.012789,0.9652
CESP6,PETR3,1,0.012793,0.012793,0.8776
BEEF3,NATU3,1,0.012843,0.012843,0.8298
MULT3,VBBR3,1,0.012858,0.012858,0.9342
ITSA4,SBSP3,1,0.012859,0.012859,0.9816
CIEL3,SULA11,1,0.012902,0.012902,0.8788
ANIM3,MDIA3,1,0.012923,0.012923,0.8561
PETR4,UGPA3,1,0.012937,0.012937,0.8806
AESB3,LREN3,1,0.012949,0.012949,0.9186
ENGI11,MEAL3,1,0.012976,0.012976,0.876
ALSC3,BBDC4,1,0.013123,0.013123,0.9595
BBAS3,CMIG4,1,0.013211,0.013211,0.9226
AESB3,CPLE6,1,0.013266,0.013266,0.9302
COGN3,HYPE3,1,0.013296,0.013296,0.8579
USIM5,VVAR11,1,0.013361,0.013361,0.9679
KLBN11,MGLU3,1,0.013399,0.013399,0.8956
MPLU3,POMO4,1,0.013479,0.013479,0.8558
ENBR3,VALE3,1,0.013491,0.013491,0.8455
AURE3,PSSA3,1,0.013497,0.013497,0.9162
CPFE3,MEAL3,1,0.013521,0.013521,0.8298
DXCO3,GGBR4,1,0.013561,0.013561,0.959
CESP6,ECOR3,1,0.013572,0.013572,0.8665
RAPT4,SMLS3,1,0.0136,0.0136,0.9521
CURY3,DIRR3,1,0.013621,0.013621,0.9783
LREN3,SEER3,1,0.013672,0.013672,0.9544
AXIA6,IGTI11,1,0.013703,0.013703,0.8463
ENGI11,IGTI11,1,0.013717,0.013717,0.9802
TIMS3,UGPA3,1,0.013726,0.013726,0.9664
KLBN11,SEDU3,1,0.013779,0.013779,0.925
VBBR3,VIVT4,1,0.013802,0.013802,0.9067
ALSC3,TIMS3,1,0.013813,0.013813,0.8966
CPFE3,EGIE3,1,0.013817,0.013817,0.9051
DXCO3,LCAM3,1,0.013869,0.013869,0.9637
ITUB3,YDUQ3,1,0.013885,0.013885,0.9297
HYPE3,SMLS3,1,0.014047,0.014047,0.9528
BRSR6,MDIA3,1,0.014063,0.014063,0.9299
ALPA4,MGLU3,1,0.014089,0.014089,0.973
IGTA3,SBSP3,1,0.014134,0.014134,0.9602
ENEV3,GGPS3,1,0.014136,0.014136,0.9029
CBAV3,SULA11,1,0.014139,0.014139,0.8271
CSAN3,CTIP3,1,0.014195,0.014195,0.956
CPLE6,LIGT3,1,0.014202,0.014202,0.8965
DAGB33,SUZB5,1,0.014219,0.014219,0.8948
AZZA3,ONCO3,1,0.014269,0.014269,0.9108
BRAP4,ENBR3,1,0.014271,0.014271,0.8705
CVCB3,PSSA3,1,0.014273,0.014273,0.9328
MOTV3,NEOE3,1,0.014296,0.014296,0.8235
COGN3,ECOR3,1,0.014298,0.014298,0.9597
HGTX3,LREN3,1,0.014341,0.014341,0.9079
CESP6,PETR4,1,0.014359,0.014359,0.8779
AZUL54,CYRE3,1,0.014377,0.014377,0.9546
CVCB3,DXCO3,1,0.014416,0.014416,0.9494
CSMG3,MDIA3,1,0.014441,0.014441,0.8443
VIVT4,YDUQ3,1,0.014501,0.014501,0.9536
FLRY3,LINX3,1,0.014505,0.014505,0.8135
BRSR6,VVAR11,1,0.014532,0.014532,0.9615
ENGI11,GOLL54,1,0.014537,0.014537,0.9305
MULT3,POMO4,1,0.014566,0.014566,0.878
MGLU3,SBSP3,1,0.014575,0.014575,0.9058
ISAE4,SBSP3,1,0.014584,0.014584,0.9515
DXCO3,ITUB4,1,0.014635,0.014635,0.889
EQTL3,GOLL54,1,0.014654,0.014654,0.9307
DIRR3,VIVA3,1,0.014692,0.014692,0.9454
CYRE3,SULA11,1,0.014703,0.014703,0.9707
CASH3,USIM5,1,0.014733,0.014733,0.9482
SULA11,VBBR3,1,0.014744,0.014744,0.9048
AZZA3,MOTV3,1,0.014796,0.014796,0.9046
BPAC11,TIMS3,1,0.014824,0.014824,0.9741
ENGI11,RAIZ4,1,0.014896,0.014896,0.861
AESB3,IGTA3,1,0.01492,0.01492,0.9129
BBSE3,POMO4,1,0.014988,0.014988,0.803
PRIO3,PSSA3,1,0.015006,0.015006,0.8445
RENT3,UGPA3,1,0.015073,0.015073,0.8414
MBRF3,OIBR3,1,0.015135,0.015135,0.8219
RUMO3,SMLS3,1,0.015195,0.015195,0.9026
AXIA3,CMIN3,1,0.015196,0.015196,0.8863
BBDC4,LREN3,1,0.015213,0.015213,0.9114
GOLL54,JHSF3,1,0.015221,0.015221,0.8011
CRUZ3,KLBN11,1,0.015268,0.015268,0.8221
ITUB4,USIM5,1,0.015309,0.015309,0.9509
ITUB4,VVAR11,1,0.015312,0.015312,0.9261
EGIE3,VALE3,1,0.015373,0.015373,0.8785
AXIA6,HYPE3,1,0.015431,0.015431,0.8089
DXCO3,PETR4,1,0.01544,0.01544,0.8828
KLBN11,RAIL3,1,0.015492,0.015492,0.8795
ALOS3,AXIA6,1,0.015541,0.015541,0.8082
ABEV3,AZZA3,1,0.015584,0.015584,0.9505
MGLU3,RENT3,1,0.015606,0.015606,0.973
BBDC3,IGTI11,1,0.015616,0.015616,0.9794
IGTA3,NEOE3,1,0.015631,0.015631,0.879
CPFE3,SBFG3,1,0.015635,0.015635,0.8302
SAPR11,SULA11,1,0.015759,0.015759,0.8963
VIVT4,WEGE3,1,0.015763,0.015763,0.9303
EMBJ3,SMLS3,1,0.015764,0.015764,0.9235
BEEF3,CIEL3,1,0.01581,0.01581,0.824
BBSE3,SULA11,1,0.015818,0.015818,0.954
MGLU3,SAPR11,1,0.015841,0.015841,0.8739
ENAT3,MDIA3,1,0.01586,0.01586,0.8964
CSMG3,EQTL3,1,0.015952,0.015952,0.9848
CSNA3,USIM5,1,0.015999,0.015999,0.8018
SEER3,USIM5,1,0.016024,0.016024,0.8575
IRBR3,TOTS3,1,0.016036,0.016036,0.9028
RUMO3,VIVT4,1,0.016051,0.016051,0.8247
EQTL3,TAEE11,1,0.016099,0.016099,0.9671
B3SA3,DXCO3,1,0.016178,0.016178,0.8944
CMIG4,HGTX3,1,0.016226,0.016226,0.9305
OIBR3,SULA11,1,0.016297,0.016297,0.8079
DIRR3,VBBR3,1,0.016339,0.016339,0.9499
MYPK3,PSSA3,1,0.016388,0.016388,0.9087
SBSP3,USIM5,1,0.016402,0.016402,0.9105
KLBN11,YDUQ3,1,0.016464,0.016464,0.9295
PETR3,USIM5,1,0.016474,0.016474,0.9696
BBDC4,MBRF3,1,0.016526,0.016526,0.8435
CTIP3,EQTL3,1,0.016575,0.016575,0.9589
ENGI11,MOTV3,1,0.01658,0.01658,0.8317
ABEV3,CYRE3,1,0.016583,0.016583,0.8223
CPFE3,MGLU3,1,0.016622,0.016622,0.8164
GGBR4,LWSA3,1,0.016646,0.016646,0.8343
BRML3,UGPA3,1,0.016694,0.016694,0.9099
LREN3,NATU3,1,0.016719,0.016719,0.9425
GNDI3,UGPA3,1,0.016737,0.016737,0.8956
BRAP4,ISAE4,1,0.016788,0.016788,0.8047
EMBJ3,VIVT3,1,0.01682,0.01682,0.8292
CYRE3,QUAL3,1,0.016836,0.016836,0.9183
BRFS3,CSMG3,1,0.016918,0.016918,0.8509
GGBR4,OIBR3,1,0.01696,0.01696,0.9146
GOLL54,RAPT4,1,0.016989,0.016989,0.8412
COGN3,CPLE6,1,0.017056,0.017056,0.9384
ITSA4,LREN3,1,0.017065,0.017065,0.8947
BRFS3,SBSP3,1,0.017158,0.017158,0.9326
HYPE3,ITSA4,1,0.017162,0.017162,0.8294
ENBR3,TAEE11,1,0.017165,0.017165,0.8741
CYRE3,SBSP3,1,0.017258,0.017258,0.9304
BPAC11,RDOR3,1,0.017279,0.017279,0.9748
ABEV3,B3SA3,1,0.017283,0.017283,0.942
B3SA3,RAIL3,1,0.017293,0.017293,0.843
BRKM5,NATU3,1,0.017403,0.017403,0.8997
MRVE3,TIMS3,1,0.017442,0.017442,0.8916
GNDI3,VALE3,1,0.017446,0.017446,0.8377
ITUB4,PCAR4,1,0.017477,0.017477,0.9187
BIDI11,ENEV3,1,0.017613,0.017613,0.9234
GRND3,SEDU3,1,0.017648,0.017648,0.8408
CPFE3,USIM5,1,0.017655,0.017655,0.9432
ISAE4,SANB11,1,0.017795,0.017795,0.8255
GOAU4,SLCE3,1,0.017843,0.017843,0.8021
ENGI11,TIMS3,1,0.017856,0.017856,0.9744
B3SA3,POMO4,1,0.01791,0.01791,0.9587
DXCO3,GMAT3,1,0.017911,0.017911,0.8791
CPLE3,FLRY3,1,0.017927,0.017927,0.8139
AMER3,CRFB3,1,0.017945,0.017945,0.8132
EZTC3,GOLL54,1,0.017945,0.017945,0.9069
POMO4,SMLS3,1,0.018,0.018,0.8812
BBAS3,MEAL3,1,0.018016,0.018016,0.9317
BRML3,MBRF3,1,0.018066,0.018066,0.8418
AZZA3,SUZB3,1,0.018111,0.018111,0.9
ALOS3,EQTL3,1,0.018136,0.018136,0.8459
CVCB3,ELPL4,1,0.01822,0.01822,0.9048
IGTA3,POMO4,1,0.018283,0.018283,0.9327
COGN3,NEOE3,1,0.018354,0.018354,0.9302
EGIE3,MEAL3,1,0.01836,0.01836,0.8625
AUAU3,NATU3,1,0.018385,0.018385,0.9509
ALSC3,MOTV3,1,0.018478,0.018478,0.8881
RENT3,SMFT3,1,0.018481,0.018481,0.8474
CMIG4,ENBR3,1,0.018544,0.018544,0.9396
BRKM5,SULA11,1,0.018594,0.018594,0.8167
CIEL3,VLID3,1,0.018604,0.018604,0.8619
CESP6,OIBR4,1,0.018681,0.018681,0.8881
DIRR3,ENGI11,1,0.018683,0.018683,0.9802
SBSP3,YDUQ3,1,0.018698,0.018698,0.8028
BBSE3,MGLU3,1,0.018704,0.018704,0.9405
ITSA4,PETR4,1,0.018771,0.018771,0.9542
ITUB4,NEOE3,1,0.01885,0.01885,0.9597
CIEL3,HYPE3,1,0.018863,0.018863,0.962
B3SA3,BRKM5,1,0.018874,0.018874,0.9104
BRFS3,JBSS3,1,0.018926,0.018926,0.969
CMIN3,UGPA3,1,0.018972,0.018972,0.9294
CURY3,ENGI11,1,0.018972,0.018972,0.9783
DXCO3,GOLL54,1,0.018998,0.018998,0.9459
AXIA3,ITSA3,1,0.019034,0.019034,0.8835
EZTC3,UGPA3,1,0.019132,0.019132,0.908
LAME4,SULA11,1,0.019163,0.019163,0.8864
BBDC3,EGIE3,1,0.019178,0.019178,0.8844
NATU3,RAIZ4,1,0.019242,0.019242,0.9066
BBAS3,ENBR3,1,0.019265,0.019265,0.9115
PRIO3,TOTS3,1,0.019313,0.019313,0.8678
BPAC11,ECOR3,1,0.019365,0.019365,0.9691
LCAM3,VIVT4,1,0.019437,0.019437,0.9496
OIBR3,TOTS3,1,0.019438,0.019438,0.937
POMO4,YDUQ3,1,0.019451,0.019451,0.8161
PCAR3,VIVA3,1,0.01946,0.01946,0.8086
AZZA3,VIVT4,1,0.019502,0.019502,0.9338
BRSR6,RUMO3,1,0.019537,0.019537,0.9024
CVCB3,ENGI11,1,0.019576,0.019576,0.8258
CPLE6,GOAU4,1,0.019686,0.019686,0.8014
COGN3,MYPK3,1,0.019706,0.019706,0.9294
MRVE3,SBSP3,1,0.019713,0.019713,0.9164
BRAP4,WEGE3,1,0.019717,0.019717,0.9374
GGBR4,MULT3,1,0.019758,0.019758,0.8572
ALPA4,LREN3,1,0.019839,0.019839,0.9594
BBDC3,ISAE4,1,0.019954,0.019954,0.9041
ALSC3,COGN3,1,0.019988,0.019988,0.9361
FLRY3,PETR3,1,0.019991,0.019991,0.9584
MOTV3,TAEE11,1,0.020157,0.020157,0.9097
ENGI11,PARD3,1,0.020186,0.020186,0.8513
EMBJ3,ENEV3,1,0.020191,0.020191,0.8158
CVCB3,SAPR11,1,0.020216,0.020216,0.8793
BPAC11,CESP6,1,0.020221,0.020221,0.9554
TEND3,VIVT4,1,0.020257,0.020257,0.948
MYPK3,VIVT4,1,0.020332,0.020332,0.8426
AESB3,MOTV3,1,0.020375,0.020375,0.9203
SAUD3,VIVT4,1,0.020376,0.020376,0.9053
BBDC3,ENBR3,1,0.020381,0.020381,0.902
BRML3,EMBJ3,1,0.020386,0.020386,0.9158
ECOR3,KLBN11,1,0.020398,0.020398,0.9237
BBAS3,BRFS3,1,0.02042,0.02042,0.8153
B3SA3,MGLU3,1,0.02049,0.02049,0.9564
NATU3,YDUQ3,1,0.020508,0.020508,0.9013
B3SA3,CYRE3,1,0.020566,0.020566,0.9372
EZTC3,LREN3,1,0.020567,0.020567,0.8986
AXIA3,GOLL54,1,0.020588,0.020588,0.8358
AMER3,SULA11,1,0.020609,0.020609,0.8844
AZZA3,VBBR3,1,0.020611,0.020611,0.9354
BBAS3,EZTC3,1,0.020613,0.020613,0.8898
IRBR3,RAIL3,1,0.020649,0.020649,0.8846
CURY3,MOVI3,1,0.020888,0.020888,0.9418
AUAU3,BHIA3,1,0.02091,0.02091,0.9402
MBRF3,MGLU3,1,0.02092,0.02092,0.8183
BBDC4,VIVA3,1,0.020932,0.020932,0.9699
ITUB4,MDIA3,1,0.020938,0.020938,0.819
AXIA3,NATU3,1,0.020986,0.020986,0.8717
KLBN11,OIBR3,1,0.020999,0.020999,0.8665
ALOS3,RAIZ4,1,0.021167,0.021167,0.8767
MEAL3,SAPR11,1,0.02118,0.02118,0.8881
AUAU3,MBRF3,1,0.021192,0.021192,0.9549
GOAU4,LWSA3,1,0.021196,0.021196,0.8148
EMBJ3,OIBR3,1,0.021276,0.021276,0.8487
CSAN3,DXCO3,1,0.021361,0.021361,0.871
RAIL3,VBBR3,1,0.021414,0.021414,0.8787
CSAN3,MGLU3,1,0.021435,0.021435,0.9203
EQTL3,MDIA3,1,0.021452,0.021452,0.9638
QUAL3,SMLS3,1,0.021493,0.021493,0.9056
ENGI11,RUMO3,1,0.021569,0.021569,0.8757
GOLL54,VIVT4,1,0.021604,0.021604,0.8279
CIEL3,CSNA3,1,0.021633,0.021633,0.889
AXIA6,BHIA3,1,0.021651,0.021651,0.8534
LAME3,RUMO3,1,0.021719,0.021719,0.8456
USIM5,YDUQ3,1,0.021724,0.021724,0.8908
BBAS3,NEOE3,1,0.021738,0.021738,0.9105
AZZA3,WEGE3,1,0.021747,0.021747,0.9466
AZZA3,IGTA3,1,0.021879,0.021879,0.9017
ENBR3,MULT3,1,0.021879,0.021879,0.8655
CVCB3,GOLL54,1,0.021894,0.021894,0.9522
ITSA4,NEOE3,1,0.02194,0.02194,0.9543
EMBJ3,ENGI11,1,0.021946,0.021946,0.8152
ALPA4,CSNA3,1,0.022271,0.022271,0.9489
BBAS3,TIMS3,1,0.02229,0.02229,0.9325
BBDC3,VIVA3,1,0.022314,0.022314,0.9688
GOAU4,OIBR3,1,0.02232,0.02232,0.9101
LCAM3,RAPT4,1,0.022331,0.022331,0.9635
FLRY3,MOVI3,1,0.022342,0.022342,0.9245
BBAS3,ITUB4,1,0.022352,0.022352,0.9494
ALPA4,YDUQ3,1,0.022407,0.022407,0.8393
CIEL3,IRBR3,1,0.022408,0.022408,0.9568
COGN3,WEGE3,1,0.022424,0.022424,0.9508
EQTL3,RENT3,1,0.022425,0.022425,0.8612
BHIA3,VBBR3,1,0.022444,0.022444,0.9085
BBSE3,TEND3,1,0.022467,0.022467,0.9471
EMBJ3,SMTO3,1,0.022477,0.022477,0.8215
CPLE6,MOVI3,1,0.022487,0.022487,0.8503
CESP6,MDIA3,1,0.022628,0.022628,0.8284
BEEF3,CPFE3,1,0.022671,0.022671,0.8723
DXCO3,EZTC3,1,0.022702,0.022702,0.875
MOTV3,MOVI3,1,0.022742,0.022742,0.9192
EGIE3,SBSP3,1,0.02282,0.02282,0.8193
IGTA3,VIVT4,1,0.022823,0.022823,0.9398
ECOR3,VBBR3,1,0.022867,0.022867,0.9399
BRML3,VALE3,1,0.022907,0.022907,0.8382
CMIN3,LREN3,1,0.022975,0.022975,0.8681
AZZA3,VVAR11,1,0.023007,0.023007,0.9661
SUZB3,UGPA3,1,0.023007,0.023007,0.8527
MOTV3,VVAR11,1,0.023098,0.023098,0.8365
MBRF3,RENT3,1,0.02317,0.02317,0.8403
ENEV3,SMTO3,1,0.023188,0.023188,0.8617
RENT3,WEGE3,1,0.023359,0.023359,0.8875
ECOR3,EQTL3,1,0.023377,0.023377,0.8812
AESB3,SUZB5,1,0.023391,0.023391,0.8427
EZTC3,SULA11,1,0.023397,0.023397,0.9747
ENGI11,MYPK3,1,0.023424,0.023424,0.8746
COGN3,MOVI3,1,0.023546,0.023546,0.954
TIMS3,TOTS3,1,0.023609,0.023609,0.9413
GOLL54,ITSA4,1,0.023625,0.023625,0.9238
BHIA3,MRVE3,1,0.023639,0.023639,0.8437
AESB3,COGN3,1,0.023646,0.023646,0.9028
MOTV3,PCAR4,1,0.023676,0.023676,0.8543
MOTV3,TIMS3,1,0.023707,0.023707,0.8041
AXIA3,BHIA3,1,0.023726,0.023726,0.8935
CPLE6,CYRE3,1,0.023808,0.023808,0.8342
AZUL54,LREN3,1,0.023819,0.023819,0.8963
SEER3,WEGE3,1,0.023839,0.023839,0.9161
CRUZ3,GOLL54,1,0.023841,0.023841,0.821
AMER3,MYPK3,1,0.023934,0.023934,0.9215
SMTO3,VIVT3,1,0.023977,0.023977,0.9337
CPFE3,NATU3,1,0.023983,0.023983,0.8009
CURY3,SBSP3,1,0.023998,0.023998,0.9642
EQTL3,LCAM3,1,0.02412,0.02412,0.9416
ENBR3,LAME3,1,0.024185,0.024185,0.9252
AZUL54,CPFE3,1,0.024231,0.024231,0.8348
BBDC3,QUAL3,1,0.024267,0.024267,0.8298
BRKM5,CPFE3,1,0.024365,0.024365,0.8646
EQTL3,YDUQ3,1,0.024402,0.024402,0.8587
B3SA3,INTB3,1,0.024417,0.024417,0.8343
ALOS3,YDUQ3,1,0.024515,0.024515,0.9065
ABEV3,PSSA3,1,0.024556,0.024556,0.9389
LREN3,VBBR3,1,0.024701,0.024701,0.9215
COGN3,CVCB3,1,0.024781,0.024781,0.9365
ALPA4,AMER3,1,0.024832,0.024832,0.8896
EMBJ3,PETR4,1,0.024856,0.024856,0.9124
BBDC4,ECOR3,1,0.024889,0.024889,0.8474
ITSA4,YDUQ3,1,0.024898,0.024898,0.866
EMBJ3,ISAE4,1,0.025039,0.025039,0.9441
ALOS3,ENEV3,1,0.025044,0.025044,0.9577
AMER3,ECOR3,1,0.025117,0.025117,0.8999
CVCB3,MDIA3,1,0.025123,0.025123,0.8638
BRSR6,MBRF3,1,0.025188,0.025188,0.8022
CSAN3,USIM5,1,0.02519,0.02519,0.835
ASAI3,RECV3,1,0.025227,0.025227,0.8907
MBRF3,MDIA3,1,0.025258,0.025258,0.8405
ITUB4,RENT3,1,0.025267,0.025267,0.8456
AMER3,MBRF3,1,0.025274,0.025274,0.8194
AXIA3,BEEF3,1,0.025297,0.025297,0.8719
BIDI4,BRAP4,1,0.02542,0.02542,0.8713
EMBJ3,PETR3,1,0.025443,0.025443,0.9215
BPAC11,FLRY3,1,0.025455,0.025455,0.9106
ITSA4,WEGE3,1,0.025533,0.025533,0.8743
GOAU4,WEGE3,1,0.025547,0.025547,0.8636
MGLU3,MULT3,1,0.025618,0.025618,0.8889
ABEV3,MRVE3,1,0.025662,0.025662,0.8786
CIEL3,MGLU3,1,0.025689,0.025689,0.9235
BRKM5,CVCB3,1,0.02569,0.02569,0.8892
IRBR3,YDUQ3,1,0.025711,0.025711,0.9311
EQTL3,SMFT3,1,0.025725,0.025725,0.9274
ITSA3,ITUB4,1,0.025759,0.025759,0.9837
IGTI11,TIMS3,1,0.025798,0.025798,0.9678
RAPT4,WEGE3,1,0.025814,0.025814,0.8274
HYPE3,ONCO3,1,0.02589,0.02589,0.8182
MOTV3,MPLU3,1,0.025906,0.025906,0.859
ABEV3,LIGT3,1,0.025931,0.025931,0.8495
COGN3,RAPT4,1,0.025996,0.025996,0.9376
ALOS3,ECOR3,1,0.026025,0.026025,0.9665
ABEV3,GOLL54,1,0.026043,0.026043,0.8574
DAGB33,FIBR3,1,0.026094,0.026094,0.8835
CPFE3,MULT3,1,0.026194,0.026194,0.8347
RAPT4,RENT3,1,0.026247,0.026247,0.952
SULA11,TIMS3,1,0.026286,0.026286,0.8938
FLRY3,WEGE3,1,0.026347,0.026347,0.9542
B3SA3,SOMA3,1,0.026356,0.026356,0.8571
CVCB3,MOTV3,1,0.026394,0.026394,0.8883
CESP6,VBBR3,1,0.026411,0.026411,0.8792
AZZA3,FIBR3,1,0.026515,0.026515,0.8675
BBDC3,LIGT3,1,0.026562,0.026562,0.8161
ENBR3,VAMO3,1,0.026568,0.026568,0.8054
CMIN3,MULT3,1,0.026574,0.026574,0.8499
LREN3,RAPT4,1,0.026578,0.026578,0.969
PETR3,UGPA3,1,0.026597,0.026597,0.8702
AXIA6,MOTV3,1,0.026603,0.026603,0.8319
ANIM3,CESP6,1,0.026606,0.026606,0.8578
MULT3,TIMS3,1,0.026629,0.026629,0.9689
CYRE3,SAPR11,1,0.026687,0.026687,0.9
BBSE3,UGPA3,1,0.026726,0.026726,0.8969
ISAE4,MDIA3,1,0.026734,0.026734,0.971
PETR4,VBBR3,1,0.026775,0.026775,0.898
NEOE3,VBBR3,1,0.026779,0.026779,0.9655
SAUD3,TAEE11,1,0.026802,0.026802,0.886
EQTL3,PSSA3,1,0.026809,0.026809,0.8936
TOTS3,VIVT4,1,0.026809,0.026809,0.9218
CRFB3,CYRE3,1,0.026875,0.026875,0.8695
B3SA3,MDIA3,1,0.026877,0.026877,0.8638
ALPA4,AUAU3,1,0.026884,0.026884,0.8286
CYRE3,VBBR3,1,0.026932,0.026932,0.9238
MULT3,VAMO3,1,0.026947,0.026947,0.8079
CEAB3,EGIE3,1,0.026973,0.026973,0.9282
GOLL54,LIGT3,1,0.02703,0.02703,0.8512
ECOR3,GOLL54,1,0.027066,0.027066,0.9507
PSSA3,TIMS3,1,0.027123,0.027123,0.8184
ALOS3,FLRY3,1,0.027124,0.027124,0.9408
ENGI11,VBBR3,1,0.02713,0.02713,0.8624
CYRE3,LREN3,1,0.027139,0.027139,0.9612
AZUL54,CVCB3,1,0.027232,0.027232,0.9322
ENBR3,VALE5,1,0.027278,0.027278,0.8179
BRKM5,JBSS3,1,0.027301,0.027301,0.8994
HYPE3,LINX3,1,0.027353,0.027353,0.8959
RAIL3,RENT3,1,0.027358,0.027358,0.8717
EMBJ3,IRBR3,1,0.027375,0.027375,0.9221
ALPA4,TAEE11,1,0.027384,0.027384,0.9464
CURY3,TOTS3,1,0.027433,0.027433,0.9532
CSAN3,SAPR11,1,0.027469,0.027469,0.9124
SEER3,VIVT4,1,0.027525,0.027525,0.894
GRND3,KLBN11,1,0.027535,0.027535,0.8645
BBSE3,CSMG3,1,0.027564,0.027564,0.8934
BBDC3,CMIG4,1,0.027585,0.027585,0.9214
ECOR3,IGTI11,1,0.027598,0.027598,0.9661
BIDI11,WEGE3,1,0.02771,0.02771,0.9222
BBAS3,GGBR4,1,0.027874,0.027874,0.9635
ITSA4,PETR3,1,0.027904,0.027904,0.9522
CEAB3,HYPE3,1,0.027914,0.027914,0.9312
AMER3,DXCO3,1,0.027982,0.027982,0.9372
HYPE3,ITUB3,1,0.028038,0.028038,0.9138
BBAS3,CPLE6,1,0.028118,0.028118,0.8432
ITSA4,SAPR11,1,0.028119,0.028119,0.8044
BBSE3,GNDI3,1,0.028336,0.028336,0.9428
ENEV3,VALE3,1,0.028345,0.028345,0.8362
JBSS3,VIVT3,1,0.028358,0.028358,0.9325
ABEV3,CMIG4,1,0.028408,0.028408,0.8709
BRSR6,CPFE3,1,0.028426,0.028426,0.9498
BRSR6,USIM5,1,0.028428,0.028428,0.9601
DXCO3,RADL3,1,0.028474,0.028474,0.8367
IRBR3,UGPA3,1,0.028485,0.028485,0.9118
AZUL54,SBSP3,1,0.028495,0.028495,0.9058
BIDI11,HYPE3,1,0.028499,0.028499,0.8914
COGN3,CPLE3,1,0.028514,0.028514,0.9744
BRAP4,SULA11,1,0.028589,0.028589,0.8925
BBDC3,IGTA3,1,0.028598,0.028598,0.8649
CVCB3,LWSA3,1,0.028637,0.028637,0.9161
MDIA3,SBSP3,1,0.028701,0.028701,0.9083
CURY3,VBBR3,1,0.028708,0.028708,0.895
MBRF3,WEGE3,1,0.028716,0.028716,0.9205
RDOR3,VBBR3,1,0.028788,0.028788,0.9335
LAME4,OIBR3,1,0.028806,0.028806,0.9465
EZTC3,MYPK3,1,0.028896,0.028896,0.8162
ALPA4,BRAP4,1,0.028918,0.028918,0.8854
FLRY3,MULT3,1,0.028974,0.028974,0.8422
PETR4,USIM5,1,0.029023,0.029023,0.9753
ITUB4,SRNA3,1,0.029053,0.029053,0.9571
BRKM5,OIBR4,1,0.029062,0.029062,0.8233
IRBR3,MBRF3,1,0.02909,0.02909,0.8931
DXCO3,YDUQ3,1,0.029142,0.029142,0.8048
LREN3,RAIL3,1,0.029354,0.029354,0.8905
CSNA3,YDUQ3,1,0.029364,0.029364,0.9182
PCAR4,POMO4,1,0.02947,0.02947,0.8098
KLBN11,LWSA3,1,0.029582,0.029582,0.8744
EQTL3,ITSA4,1,0.029607,0.029607,0.874
ITUB4,SMLS3,1,0.029607,0.029607,0.8743
BBSE3,VBBR3,1,0.029625,0.029625,0.9178
CIEL3,CMIN3,1,0.029627,0.029627,0.9316
CSAN3,FLRY3,1,0.029672,0.029672,0.9185
ENGI11,TAEE11,1,0.029674,0.029674,0.9292
PSSA3,TOTS3,1,0.029677,0.029677,0.8363
RADL3,RAIZ4,1,0.029687,0.029687,0.837
ITUB4,MOVI3,1,0.029709,0.029709,0.957
AMER3,UGPA3,1,0.029737,0.029737,0.9138
CBAV3,DXCO3,1,0.02979,0.02979,0.8219
BRFS3,VIVT3,1,0.029823,0.029823,0.8925
ALOS3,MULT3,1,0.029966,0.029966,0.8921
PCAR4,VALE3,1,0.029971,0.029971,0.8028
NATU3,PSSA3,1,0.030069,0.030069,0.8119
COGN3,MDIA3,1,0.030083,0.030083,0.8384
B3SA3,IGTA3,1,0.030102,0.030102,0.9646
BIDI4,JBSS3,1,0.030162,0.030162,0.9556
BBDC4,ITSA3,1,0.03021,0.03021,0.9651
RAIZ4,VAMO3,1,0.030221,0.030221,0.8386
CSAN3,LCAM3,1,0.030238,0.030238,0.8021
CPLE6,RUMO3,1,0.030278,0.030278,0.8233
MPLU3,SUZB5,1,0.0303,0.0303,0.8043
TIMS3,VVAR11,1,0.030309,0.030309,0.9396
SAPR11,TIMS3,1,0.030318,0.030318,0.8663
BRAP4,RENT3,1,0.030398,0.030398,0.8149
AXIA6,LAME3,1,0.03041,0.03041,0.8797
CYRE3,SUZB3,1,0.030412,0.030412,0.9123
BHIA3,RAIL3,1,0.030417,0.030417,0.9445
KLBN11,MBRF3,1,0.030438,0.030438,0.9253
BBAS3,EQTL3,1,0.030596,0.030596,0.9239
BBDC3,SULA11,1,0.030606,0.030606,0.8116
ECOR3,RADL3,1,0.030631,0.030631,0.9503
BPAC11,LWSA3,1,0.030793,0.030793,0.8263
AMER3,CMIG4,1,0.03082,0.03082,0.9058
IRBR3,JBSS3,1,0.030824,0.030824,0.9621
BBDC4,CMIG4,1,0.030835,0.030835,0.9166
GOLL54,SMLS3,1,0.030884,0.030884,0.9408
ECOR3,GOAU4,1,0.030985,0.030985,0.9295
MOTV3,VIVT4,1,0.030988,0.030988,0.8004
VALE3,VALE5,1,0.031011,0.031011,0.995
CURY3,TIMS3,1,0.031027,0.031027,0.9754
MRVE3,PRIO3,1,0.031068,0.031068,0.8932
IRBR3,SMFT3,1,0.03108,0.03108,0.8588
IRBR3,RAIZ4,1,0.031121,0.031121,0.8639
BBDC3,BBDC4,1,0.031215,0.031215,0.9909
ETER3,MOTV3,1,0.031262,0.031262,0.8516
CURY3,ECOR3,1,0.031303,0.031303,0.9712
BBSE3,BRML3,1,0.031437,0.031437,0.8774
ABEV3,SAUD3,1,0.031495,0.031495,0.9364
ENBR3,RENT3,1,0.031522,0.031522,0.8727
AZUL54,RAPT4,1,0.031525,0.031525,0.907
CPLE6,LCAM3,1,0.031573,0.031573,0.8
ALOS3,EMBJ3,1,0.031595,0.031595,0.9179
RADL3,WEGE3,1,0.031669,0.031669,0.8196
CURY3,FLRY3,1,0.031675,0.031675,0.8686
CVCB3,EZTC3,1,0.031761,0.031761,0.8815
ECOR3,MOVI3,1,0.031766,0.031766,0.9547
EGIE3,EZTC3,1,0.031806,0.031806,0.8713
BBDC3,VBBR3,1,0.031815,0.031815,0.9589
BRKM5,CESP6,1,0.031829,0.031829,0.8382
MDIA3,PETR4,1,0.031841,0.031841,0.892
CMIG4,PCAR4,1,0.032011,0.032011,0.9017
BRSR6,CSAN3,1,0.032033,0.032033,0.8208
EZTC3,RAIL3,1,0.032073,0.032073,0.9528
CVCB3,TOTS3,1,0.032081,0.032081,0.8504
AZUL54,ENGI11,1,0.032104,0.032104,0.9072
BBSE3,EGIE3,1,0.032115,0.032115,0.8978
ITSA3,VIVT4,1,0.032152,0.032152,0.8841
BPAN4,RDOR3,1,0.0322,0.0322,0.9232
MDIA3,PETR3,1,0.032206,0.032206,0.8963
GETI4,SMLS3,1,0.032208,0.032208,0.9026
BBDC4,CSAN3,1,0.032325,0.032325,0.963
MULT3,PETR4,1,0.032356,0.032356,0.8561
ENBR3,VIVT3,1,0.03245,0.03245,0.8626
BPAC11,LCAM3,1,0.032689,0.032689,0.9423
AZUL54,VBBR3,1,0.032736,0.032736,0.898
QUAL3,SULA11,1,0.032751,0.032751,0.8516
ALOS3,RDOR3,1,0.032796,0.032796,0.9807
BBSE3,TIMS3,1,0.032886,0.032886,0.8179
NATU3,UGPA3,1,0.032909,0.032909,0.9074
ALSC3,PETR3,1,0.032992,0.032992,0.9344
RENT3,SBSP3,1,0.033021,0.033021,0.9221
BRKM5,YDUQ3,1,0.033087,0.033087,0.8817
B3SA3,IRBR3,1,0.033224,0.033224,0.9221
MULT3,TOTS3,1,0.033231,0.033231,0.9423
RAIL3,RAIZ4,1,0.033282,0.033282,0.832
ITSA3,VVAR11,1,0.033327,0.033327,0.9254
MDIA3,VBBR3,1,0.033339,0.033339,0.8498
QUAL3,RENT3,1,0.033348,0.033348,0.8451
BBAS3,UGPA3,1,0.033432,0.033432,0.9534
GNDI3,VBBR3,1,0.033577,0.033577,0.8968
AZUL54,HGTX3,1,0.033666,0.033666,0.9297
CRFB3,EZTC3,1,0.033674,0.033674,0.8809
GOLL54,LREN3,1,0.033698,0.033698,0.8684
ALSC3,CTIP3,1,0.033753,0.033753,0.9086
COGN3,MOTV3,1,0.033816,0.033816,0.848
CMIG4,COGN3,1,0.033818,0.033818,0.9314
CURY3,EGIE3,1,0.033825,0.033825,0.8568
CIEL3,CVCB3,1,0.03386,0.03386,0.8181
CBAV3,HAPV3,1,0.033965,0.033965,0.8157
BBDC4,VBBR3,1,0.034042,0.034042,0.9581
DIRR3,MULT3,1,0.034142,0.034142,0.9749
FIBR3,GOLL54,1,0.034149,0.034149,0.9533
MOTV3,SBFG3,1,0.034303,0.034303,0.8433
EQTL3,RAPT4,1,0.034387,0.034387,0.8956
AZUL54,RAIL3,1,0.034479,0.034479,0.9383
CRFB3,UGPA3,1,0.034492,0.034492,0.8964
ALPA4,VBBR3,1,0.034554,0.034554,0.8978
NATU3,OIBR3,1,0.034613,0.034613,0.9092
CPLE6,NATU3,1,0.034672,0.034672,0.9188
CMIG4,SUZB5,1,0.034796,0.034796,0.8307
CSAN3,CVCB3,1,0.034902,0.034902,0.8415
DXCO3,HYPE3,1,0.035035,0.035035,0.8672
IGTI11,RAIZ4,1,0.035053,0.035053,0.8636
BIDI4,VALE3,1,0.0351,0.0351,0.8681
VBBR3,VIVT3,1,0.035201,0.035201,0.9527
EVEN3,HGTX3,1,0.035209,0.035209,0.8568
AZUL54,COGN3,1,0.035282,0.035282,0.8472
GOLL54,ITSA3,1,0.035391,0.035391,0.9361
ALPA4,SULA11,1,0.035395,0.035395,0.9754
CIEL3,MYPK3,1,0.035452,0.035452,0.8698
AZUL54,USIM5,1,0.035487,0.035487,0.8502
HAPV3,QUAL3,1,0.035545,0.035545,0.9718
CMIG4,MRVE3,1,0.03555,0.03555,0.8914
RENT3,VALE5,1,0.035609,0.035609,0.8003
ENBR3,RAPT4,1,0.035643,0.035643,0.923
BIDI11,BRAP4,1,0.035677,0.035677,0.8619
AMER3,CIEL3,1,0.035682,0.035682,0.9183
AXIA3,TOTS3,1,0.03571,0.03571,0.8989
BRML3,ITUB4,1,0.035712,0.035712,0.8858
CPLE6,SAUD3,1,0.035762,0.035762,0.8599
BRML3,ENBR3,1,0.035818,0.035818,0.8396
AXIA6,CMIN3,1,0.035875,0.035875,0.9104
ENGI11,VVAR11,1,0.035997,0.035997,0.8452
BIDI4,BRKM5,1,0.036049,0.036049,0.9095
EGIE3,EQTL3,1,0.036089,0.036089,0.8402
BIDI11,VALE3,1,0.036111,0.036111,0.8657
BRSR6,MOTV3,1,0.036139,0.036139,0.84
CBAV3,NATU3,1,0.036151,0.036151,0.8207
ALSC3,PETR4,1,0.036229,0.036229,0.9378
HYPE3,USIM5,1,0.036244,0.036244,0.8906
MGLU3,POMO4,1,0.036246,0.036246,0.9602
CVCB3,RUMO3,1,0.036332,0.036332,0.881
BBAS3,VAMO3,1,0.036455,0.036455,0.8057
RAIL3,VIVT4,1,0.036495,0.036495,0.932
TOTS3,VBBR3,1,0.036499,0.036499,0.8632
ECOR3,PSSA3,1,0.036584,0.036584,0.8546
AXIA6,PSSA3,1,0.036623,0.036623,0.8029
GOLL54,LAME3,1,0.036629,0.036629,0.9579
MPLU3,RAPT4,1,0.036632,0.036632,0.9004
ENGI11,UGPA3,1,0.036691,0.036691,0.913
ITUB4,PETR4,1,0.036725,0.036725,0.9665
AURE3,ENGI11,1,0.036805,0.036805,0.901
EQTL3,PETR4,1,0.036853,0.036853,0.9225
AXIA3,ITUB3,1,0.036865,0.036865,0.8682
ALOS3,TIMS3,1,0.036883,0.036883,0.8048
DXCO3,WEGE3,1,0.036942,0.036942,0.8681
ITSA4,OIBR4,1,0.036956,0.036956,0.8308
CESP6,CVCB3,1,0.037136,0.037136,0.8796
BRFS3,EMBJ3,1,0.03721,0.03721,0.9545
B3SA3,CPFE3,1,0.037222,0.037222,0.8652
LREN3,SAPR11,1,0.037228,0.037228,0.8706
ITSA4,PCAR4,1,0.037257,0.037257,0.9108
IGTI11,RADL3,1,0.037316,0.037316,0.9133
CSNA3,RAIL3,1,0.037377,0.037377,0.8948
BRAP4,EGIE3,1,0.037522,0.037522,0.8899
SMLS3,VIVT4,1,0.037612,0.037612,0.9154
EZTC3,OIBR3,1,0.037614,0.037614,0.8276
MBRF3,VVAR11,1,0.037654,0.037654,0.8736
MRVE3,PCAR4,1,0.037754,0.037754,0.8497
CPLE6,ENBR3,1,0.037764,0.037764,0.9416
AESB3,MULT3,1,0.037791,0.037791,0.8945
DXCO3,RAIZ4,1,0.037856,0.037856,0.9351
AZZA3,GGBR4,1,0.037864,0.037864,0.8158
CPFE3,TEND3,1,0.037944,0.037944,0.8157
B3SA3,VVAR11,1,0.037971,0.037971,0.9622
ENGI11,VIVT4,1,0.037997,0.037997,0.9236
CSMG3,MULT3,1,0.038003,0.038003,0.8606
NATU3,TEND3,1,0.038007,0.038007,0.9316
MOVI3,OIBR3,1,0.038019,0.038019,0.8406
FIBR3,LREN3,1,0.038151,0.038151,0.9318
HAPV3,VIVT4,1,0.03822,0.03822,0.9326
BRKM5,QUAL3,1,0.038246,0.038246,0.8917
BIDI4,HYPE3,1,0.038273,0.038273,0.8839
CMIG4,ITSA4,1,0.038282,0.038282,0.9074
EQTL3,MOVI3,1,0.038353,0.038353,0.9377
ITUB3,ITUB4,1,0.038414,0.038414,0.9872
ABEV3,ITUB3,1,0.03843,0.03843,0.8645
CMIG4,TAEE11,1,0.038442,0.038442,0.8775
MGLU3,TAEE11,1,0.038458,0.038458,0.9365
EGIE3,SRNA3,1,0.038483,0.038483,0.8859
CMIG4,WEGE3,1,0.038592,0.038592,0.9401
COGN3,ISAE4,1,0.038644,0.038644,0.9289
EMBJ3,EQTL3,1,0.038661,0.038661,0.9376
MEAL3,SBFG3,1,0.038679,0.038679,0.925
AXIA3,UGPA3,1,0.038697,0.038697,0.9348
ALPA4,GFSA3,1,0.038723,0.038723,0.8196
BBAS3,FLRY3,1,0.038783,0.038783,0.8095
CMIG4,ELPL4,1,0.038864,0.038864,0.875
MRVE3,RENT3,1,0.038889,0.038889,0.9307
BBDC3,GOLL54,1,0.038948,0.038948,0.8699
AESB3,SBSP3,1,0.039047,0.039047,0.8936
HAPV3,LREN3,1,0.039081,0.039081,0.9438
GRND3,UGPA3,1,0.039244,0.039244,0.8725
DXCO3,MYPK3,1,0.039287,0.039287,0.9023
BPAC11,MOVI3,1,0.03929,0.03929,0.8319
CTIP3,ECOR3,1,0.039347,0.039347,0.9385
CPLE6,IGTA3,1,0.039358,0.039358,0.9185
BBSE3,USIM5,1,0.039361,0.039361,0.8749
FLRY3,ITSA4,1,0.039407,0.039407,0.8986
BPAC11,VIVA3,1,0.039465,0.039465,0.9295
BBDC3,CPLE6,1,0.039797,0.039797,0.8443
EZTC3,RENT3,1,0.039797,0.039797,0.8863
BRML3,DXCO3,1,0.039885,0.039885,0.9298
LREN3,WEGE3,1,0.039909,0.039909,0.9505
MULT3,SBSP3,1,0.039939,0.039939,0.9539
LREN3,USIM5,1,0.03995,0.03995,0.9358
EZTC3,IRBR3,1,0.040092,0.040092,0.9198
AZUL54,QUAL3,1,0.040107,0.040107,0.9193
BRKM5,EQTL3,1,0.040135,0.040135,0.8556
AXIA6,PETR4,1,0.040137,0.040137,0.8609
BBDC3,CSNA3,1,0.040209,0.040209,0.9398
AESB3,ALSC3,1,0.040408,0.040408,0.8814
BBDC4,IGTA3,1,0.040459,0.040459,0.9113
CPFE3,CVCB3,1,0.040615,0.040615,0.8391
SUZB3,WEGE3,1,0.040654,0.040654,0.8042
AMER3,BBAS3,1,0.040751,0.040751,0.8494
MOVI3,MULT3,1,0.040776,0.040776,0.9608
ALPA4,AZUL54,1,0.040781,0.040781,0.8394
ECOR3,RAIL3,1,0.040795,0.040795,0.9036
BRKM5,TIMS3,1,0.040817,0.040817,0.8438
BRML3,ETER3,1,0.040907,0.040907,0.8603
ITUB4,SMFT3,1,0.040977,0.040977,0.9462
LREN3,MRVE3,1,0.041015,0.041015,0.9221
GOLL54,MYPK3,1,0.041054,0.041054,0.8718
GNDI3,PETR4,1,0.041058,0.041058,0.8532
HYPE3,SBSP3,1,0.041158,0.041158,0.9239
EZTC3,GGBR4,1,0.041292,0.041292,0.8516
BBAS3,DXCO3,1,0.041339,0.041339,0.9234
MULT3,USIM5,1,0.041418,0.041418,0.8644
ITUB4,YDUQ3,1,0.041433,0.041433,0.9009
MYPK3,SUZB5,1,0.041566,0.041566,0.8408
ALPA4,MBRF3,1,0.041588,0.041588,0.8429
B3SA3,YDUQ3,1,0.041642,0.041642,0.9132
ITUB4,PETR3,1,0.041659,0.041659,0.9658
BEEF3,CMIG4,1,0.041689,0.041689,0.8287
CSAN3,PRIO3,1,0.04176,0.04176,0.9099
COGN3,VVAR11,1,0.041787,0.041787,0.9326
BPAC11,CMIG4,1,0.041807,0.041807,0.864
CVCB3,ENBR3,1,0.041838,0.041838,0.8638
IRBR3,SMLS3,1,0.041969,0.041969,0.9025
BRML3,EQTL3,1,0.042021,0.042021,0.9311
QUAL3,USIM5,1,0.04204,0.04204,0.8394
SAPR11,TOTS3,1,0.042057,0.042057,0.9049
BPAC11,SMFT3,1,0.042144,0.042144,0.9409
GNDI3,KLBN11,1,0.042164,0.042164,0.8229
CSAN3,RDOR3,1,0.04221,0.04221,0.865
LWSA3,USIM5,1,0.042253,0.042253,0.8191
FLRY3,NATU3,1,0.042261,0.042261,0.8571
COGN3,EZTC3,1,0.0423,0.0423,0.8914
BBSE3,QUAL3,1,0.042302,0.042302,0.9514
BBAS3,CESP6,1,0.042358,0.042358,0.8917
ABEV3,CRUZ3,1,0.042433,0.042433,0.8058
LAME3,LAME4,1,0.04244,0.04244,0.9904
AXIA6,SANB11,1,0.042448,0.042448,0.8031
BBDC3,MOTV3,1,0.042535,0.042535,0.8499
EMBJ3,MOTV3,1,0.042603,0.042603,0.8877
BBDC4,SULA11,1,0.042622,0.042622,0.8312
CMIG4,USIM5,1,0.042631,0.042631,0.8483
BBAS3,PSSA3,1,0.042653,0.042653,0.8587
NATU3,RDOR3,1,0.042662,0.042662,0.9073
CSNA3,DXCO3,1,0.042671,0.042671,0.914
BHIA3,PRIO3,1,0.042735,0.042735,0.8632
MGLU3,VBBR3,1,0.042747,0.042747,0.9156
CIEL3,CSAN3,1,0.042782,0.042782,0.8754
ENGI11,SEER3,1,0.042804,0.042804,0.8086
CSAN3,ITSA4,1,0.04284,0.04284,0.9466
B3SA3,BRML3,1,0.042967,0.042967,0.8621
MBRF3,TOTS3,1,0.043134,0.043134,0.8331
POSI3,VBBR3,1,0.043231,0.043231,0.8659
CSMG3,MOTV3,1,0.043319,0.043319,0.8919
RENT3,VBBR3,1,0.043464,0.043464,0.8747
BIDI4,BRFS3,1,0.043629,0.043629,0.9495
BBDC3,OIBR4,1,0.043666,0.043666,0.825
ALSC3,VIVT4,1,0.043721,0.043721,0.9001
BBDC3,ITUB4,1,0.043747,0.043747,0.9482
CVCB3,RENT3,1,0.043781,0.043781,0.8713
HAPV3,OIBR3,1,0.043798,0.043798,0.8627
QUAL3,VBBR3,1,0.043802,0.043802,0.893
CRFB3,IRBR3,1,0.044095,0.044095,0.8317
EZTC3,MGLU3,1,0.044202,0.044202,0.984
BRML3,EZTC3,1,0.04422,0.04422,0.8835
AXIA6,CASH3,1,0.044224,0.044224,0.893
ELPL4,TAEE11,1,0.044387,0.044387,0.8529
SBSP3,WEGE3,1,0.044399,0.044399,0.8759
CSNA3,UGPA3,1,0.044421,0.044421,0.8223
AZUL54,JBSS3,1,0.04446,0.04446,0.8835
CSMG3,SBSP3,1,0.044547,0.044547,0.8057
B3SA3,VIVT4,1,0.044859,0.044859,0.9351
VALE3,VVAR11,1,0.044882,0.044882,0.9019
CMIG4,RDOR3,1,0.044951,0.044951,0.8808
BHIA3,GNDI3,1,0.044976,0.044976,0.8946
EGIE3,SUZB3,1,0.045015,0.045015,0.8387
BEEF3,BRML3,1,0.045036,0.045036,0.8447
LAME4,POMO4,1,0.045098,0.045098,0.8405
COGN3,FIBR3,1,0.045167,0.045167,0.8901
ALPA4,OIBR3,1,0.045276,0.045276,0.8207
COGN3,EGIE3,1,0.04552,0.04552,0.8886
ALSC3,BEEF3,1,0.045521,0.045521,0.8837
BBAS3,MDIA3,1,0.045525,0.045525,0.8298
BBSE3,ENGI11,1,0.04555,0.04555,0.9151
MPLU3,MULT3,1,0.045553,0.045553,0.8173
ALPA4,VIVT4,1,0.045596,0.045596,0.9525
RUMO3,USIM5,1,0.04568,0.04568,0.9045
B3SA3,MBRF3,1,0.045726,0.045726,0.8071
EZTC3,VBBR3,1,0.045759,0.045759,0.9148
B3SA3,STBP3,1,0.045788,0.045788,0.8364
ITUB4,SBSP3,1,0.045794,0.045794,0.9759
CPFE3,CTIP3,1,0.045797,0.045797,0.9515
ECOR3,FLRY3,1,0.045797,0.045797,0.8983
DXCO3,VBBR3,1,0.045805,0.045805,0.9097
BRFS3,ENGI11,1,0.045807,0.045807,0.8338
AMER3,AUAU3,1,0.04585,0.04585,0.9476
IGTA3,RAIL3,1,0.045861,0.045861,0.9149
NATU3,POMO4,1,0.045896,0.045896,0.8701
IGTI11,ITUB4,1,0.046009,0.046009,0.9732
EMBJ3,MPLU3,1,0.04606,0.04606,0.8564
BBDC3,COGN3,1,0.046095,0.046095,0.8861
RAIL3,VALE3,1,0.046105,0.046105,0.8664
HYPE3,RECV3,1,0.046248,0.046248,0.8952
CMIG4,LIGT3,1,0.046292,0.046292,0.9149
ITSA3,YDUQ3,1,0.046322,0.046322,0.9025
ENEV3,UGPA3,1,0.046402,0.046402,0.878
RAIL3,SAPR11,1,0.046414,0.046414,0.8719
IGTA3,PSSA3,1,0.046474,0.046474,0.8922
BRAP4,MULT3,1,0.046497,0.046497,0.8122
B3SA3,CEAB3,1,0.046502,0.046502,0.9018
AXIA3,CASH3,1,0.046576,0.046576,0.8504
MULT3,SEER3,1,0.046589,0.046589,0.8211
ISAE4,RADL3,1,0.0466,0.0466,0.9416
FIBR3,UGPA3,1,0.04662,0.04662,0.8519
BRFS3,SAUD3,1,0.046694,0.046694,0.8329
VIVA3,VIVT3,1,0.046705,0.046705,0.9547
FLRY3,QUAL3,1,0.046742,0.046742,0.9332
CPLE6,SUZB5,1,0.046767,0.046767,0.8516
ITSA4,MGLU3,1,0.046773,0.046773,0.8354
ANIM3,CMIG4,1,0.046784,0.046784,0.8119
ENBR3,QUAL3,1,0.046921,0.046921,0.8878
HGTX3,LAME3,1,0.047135,0.047135,0.9444
ALOS3,DIRR3,1,0.047139,0.047139,0.9807
ECOR3,TOTS3,1,0.047145,0.047145,0.8216
ENBR3,MGLU3,1,0.047279,0.047279,0.8781
AESB3,VIVT4,1,0.047284,0.047284,0.9111
AZUL54,ITSA4,1,0.047321,0.047321,0.8919
IRBR3,VIVT3,1,0.047327,0.047327,0.9021
CPLE6,POMO4,1,0.04735,0.04735,0.9006
BPAC11,RAIZ4,1,0.04745,0.04745,0.8524
AZZA3,EGIE3,1,0.047537,0.047537,0.8793
CPFE3,YDUQ3,1,0.047552,0.047552,0.8062
CSAN3,TAEE11,1,0.047596,0.047596,0.9248
BRKM5,LREN3,1,0.047688,0.047688,0.9113
CTIP3,KLBN11,1,0.047703,0.047703,0.8124
CESP6,EQTL3,1,0.047732,0.047732,0.9117
AXIA3,GNDI3,1,0.047741,0.047741,0.8701
BRFS3,SBFG3,1,0.047955,0.047955,0.8063
CESP6,CMIG4,1,0.047977,0.047977,0.9271
CSMG3,EMBJ3,1,0.048023,0.048023,0.9519
CSNA3,CVCB3,1,0.048067,0.048067,0.9004
CIEL3,SMLS3,1,0.048094,0.048094,0.9002
AZUL54,IGTA3,1,0.0483,0.0483,0.9279
CEAB3,PSSA3,1,0.048306,0.048306,0.9561
ECOR3,MYPK3,1,0.048321,0.048321,0.8405
BRFS3,CURY3,1,0.048343,0.048343,0.9368
AXIA3,SANB11,1,0.048484,0.048484,0.8264
SULA11,YDUQ3,1,0.048733,0.048733,0.8157
ENBR3,EQTL3,1,0.048735,0.048735,0.8146
MULT3,PETR3,1,0.048821,0.048821,0.8623
QUAL3,TOTS3,1,0.048986,0.048986,0.8657
B3SA3,MULT3,1,0.048987,0.048987,0.9114
CVCB3,NEOE3,1,0.049007,0.049007,0.8499
AZUL54,BPAN4,1,0.049008,0.049008,0.9304
CYRE3,SMLS3,1,0.049008,0.049008,0.8307
LWSA3,OIBR3,1,0.049018,0.049018,0.924
OIBR3,OIBR4,1,0.049032,0.049032,0.9465
MRVE3,VVAR11,1,0.049034,0.049034,0.8206
HYPE3,ITSA3,1,0.049037,0.049037,0.8733
AXIA6,CSNA3,1,0.049083,0.049083,0.8863
AMER3,GOLL54,1,0.049112,0.049112,0.913
RADL3,RAIL3,1,0.049123,0.049123,0.9124
AESB3,FIBR3,1,0.049192,0.049192,0.8858
CYRE3,ECOR3,1,0.049196,0.049196,0.8751
ALPA4,CSAN3,1,0.04922,0.04922,0.9458
CPFE3,FLRY3,1,0.049298,0.049298,0.9654
AZUL54,LCAM3,1,0.049299,0.049299,0.9281
LREN3,SANB11,1,0.04935,0.04935,0.888
B3SA3,RENT3,1,0.049361,0.049361,0.9421
ITSA4,LAME3,1,0.049379,0.049379,0.9288
BRSR6,QUAL3,1,0.049412,0.049412,0.9351
EZTC3,YDUQ3,1,0.04942,0.04942,0.8948
CPLE6,MRVE3,1,0.049483,0.049483,0.8126
GGBR4,MBRF3,1,0.049488,0.049488,0.8485
ENGI11,WEGE3,1,0.049552,0.049552,0.8287
CRFB3,MRVE3,1,0.049614,0.049614,0.8788
AMER3,AXIA6,1,0.049872,0.049872,0.8136
MBRF3,OIBR4,1,0.049906,0.049906,0.8182
BPAC11,RENT3,1,0.049935,0.049935,0.94
