Ativo,Janelas,Rank_Medio,Volume_Acum_MM
PETR4,11,1.5454545454545454,3714865.086646
ITUB4,11,2.909090909090909,2023477.190998
VALE3,11,3.5454545454545454,3465276.695941
BBDC4,11,4.2727272727272725,1610815.4591050001
BBAS3,11,6.636363636363637,1230790.5940720001
B3SA3,11,7.2727272727272725,1148602.084715
PETR3,11,8.454545454545455,998633.7585585001
ABEV3,11,8.909090909090908,936367.959748
ITSA4,11,16.0,643947.965492
LREN3,11,17.181818181818183,615621.609318
GGBR4,11,17.90909090909091,590640.458414
RENT3,11,21.363636363636363,680103.538617
BRFS3,11,21.727272727272727,462427.78653399996
BBSE3,11,29.636363636363637,388962.149977
EQTL3,11,29.818181818181817,421527.677479
AXIA3,11,30.636363636363637,555203.417378
RADL3,11,32.18181818181818,351424.52248499996
CSNA3,11,32.45454545454545,403188.20042
WEGE3,11,32.90909090909091,523027.938191
NATU3,11,33.81818181818182,416951.65458293003
USIM5,11,34.63636363636363,372223.525668
SBSP3,11,34.81818181818182,425178.85411
COGN3,11,35.09090909090909,383644.66759799997
UGPA3,11,36.45454545454545,308526.176132
EMBJ3,11,36.63636363636363,388411.095957
MOTV3,11,37.09090909090909,298344.274226
CMIG4,11,37.90909090909091,294663.334341
CSAN3,11,40.36363636363637,307901.560412
HYPE3,11,43.18181818181818,258542.78639
KLBN11,11,44.0,263293.490829
MULT3,11,45.09090909090909,249668.66572999998
BBDC3,11,47.27272727272727,240244.587745
GOAU4,11,47.36363636363637,239490.63405259
CYRE3,11,50.36363636363637,251731.385058
BRKM5,11,52.54545454545455,217419.54778599998
BRAP4,11,53.81818181818182,215749.047667
YDUQ3,11,54.54545454545455,199813.612905
TIMS3,11,54.90909090909091,212705.95792000002
TOTS3,11,55.72727272727273,236615.197209
MRVE3,11,58.09090909090909,193091.138935
AXIA6,11,58.18181818181818,201292.63733
MBRF3,11,58.72727272727273,233917.721761
SANB11,11,60.27272727272727,184239.59268499998
CPLE6,11,61.54545454545455,197650.710123
CVCB3,11,65.63636363636364,187159.655517
TAEE11,11,66.0909090909091,156308.09666542002
EGIE3,11,67.27272727272727,145380.394895
PSSA3,11,75.45454545454545,122281.806076
JBSS3,10,18.7,540280.350902
MGLU3,10,20.3,923573.275439
CIEL3,10,31.2,345716.618695
CPFE3,10,63.7,153496.935549
ENGI11,10,64.1,189340.948573
BEEF3,10,74.5,143241.285046
RAIL3,9,23.11111111111111,431283.466617
AZUL54,9,43.55555555555556,334441.98077102
AMER3,9,50.0,293597.575864
GOLL54,9,52.333333333333336,205770.21212900002
ENBR3,9,72.33333333333333,100733.659274
ISAE4,9,72.55555555555556,88358.355151
FLRY3,9,77.33333333333333,96832.410609
DXCO3,9,88.44444444444444,66983.900594
SUZB3,8,12.875,638942.492114
VBBR3,8,27.5,366393.755978
BPAC11,8,29.125,498920.585194
HAPV3,8,33.5,407513.519067
BRML3,8,37.375,200901.191338
IRBR3,8,53.5,262170.585331
QUAL3,8,55.125,127499.16768
SULA11,8,63.25,133954.99679200002
AZZA3,8,73.25,127633.760922
ECOR3,8,77.25,68951.75291299999
CSMG3,8,81.5,72801.4221
MDIA3,8,82.25,60647.6886022
SMTO3,8,85.25,64840.456606
EZTC3,8,87.5,78618.92272
PRIO3,7,26.857142857142858,572778.117612
LAME4,7,32.0,206812.143898
ENEV3,7,58.714285714285715,172403.279001
CRFB3,7,63.42857142857143,143489.936187
IGTA3,7,68.71428571428571,79612.027492
CESP6,7,74.28571428571429,61501.89776
HGTX3,7,79.57142857142857,58602.875366
SLCE3,7,83.42857142857143,84085.304388
VIVT4,6,33.166666666666664,135173.815656
OIBR3,6,61.5,143514.330633
PCAR3,6,77.16666666666667,109500.302389
LIGT3,6,79.33333333333333,41848.767225
LINX3,6,86.5,42114.615315999996
BHIA3,5,19.4,516214.966401
PCAR4,5,28.8,104317.234417
RDOR3,5,31.0,219314.112291
ASAI3,5,34.4,213561.214789
BRAV3,5,41.0,190284.549298
VIVT3,5,49.2,148284.587125
SMLS3,5,52.6,53477.681132
LWSA3,5,70.8,113226.931503
AUAU3,5,72.8,95879.20575699999
POMO4,5,75.8,47430.249606
SAUD3,5,78.8,22713.741568
ALPA4,5,79.6,82822.98455800001
BRSR6,5,82.0,22275.51387
CMIN3,5,89.8,58049.822678
MOVI3,5,94.6,49084.810570999995
FIBR3,4,22.5,87951.20052700001
GNDI3,4,36.25,187662.583935
ALOS3,4,62.25,86157.883424
VVAR11,4,69.75,26473.166509
IGTI11,4,72.25,61957.659154
VAMO3,4,78.0,57008.865483
SAPR11,4,81.0,43992.702557
RAIZ4,4,81.75,55440.154208
RECV3,4,83.5,49929.823502
AURE3,4,84.75,48618.304416
MYPK3,4,88.75,12479.554009
GFSA3,4,90.0,17932.009975
TEND3,4,93.5,29333.629203999997
RAPT4,4,94.0,22796.712144999998
LAME3,4,96.25,18654.943801999998
VALE5,3,2.6666666666666665,290297.515516
SUZB5,3,26.666666666666668,52566.04
VIVA3,3,63.333333333333336,56936.184562
OIBR4,3,71.0,12411.149924
SMFT3,3,72.0,50725.363574999996
SOMA3,3,76.33333333333333,56269.283203
AESB3,3,78.66666666666667,17901.77894
STBP3,3,78.66666666666667,41563.772533
DIRR3,3,79.0,41646.267089999994
ELPL4,3,80.33333333333333,9938.104064
LCAM3,3,82.0,45039.291492
MPLU3,3,83.33333333333333,9357.575334000001
SEER3,3,91.0,8954.554885
GMAT3,3,94.66666666666667,26373.760649
CTIP3,2,24.0,33401.386691
RUMO3,2,53.0,14890.331612000002
BIDI11,2,59.0,92475.027718
CASH3,2,59.0,59338.30869700001
BIDI4,2,67.0,45280.494848
CXSE3,2,67.0,32124.188677
CPLE3,2,69.0,31648.540801999996
VLID3,2,70.5,7173.850280000001
CURY3,2,78.0,26524.807237
BPAN4,2,78.5,36679.435225
BRPR3,2,78.5,5987.073297
CEAB3,2,81.0,25702.939257
NEOE3,2,83.5,26643.383546999998
GGPS3,2,86.5,21767.903887
CBAV3,2,92.5,19113.538929
DAGB33,2,92.5,3891.87971207
CMIG3,2,96.0,9273.758684
INTB3,2,96.5,16860.047286
ALUP11,2,97.0,10008.245198999999
ALSC3,2,98.0,3006.284998
CRUZ3,1,36.0,9467.140454
SAPR4,1,52.0,9392.35892
GETI4,1,72.0,3163.69604
ITSA3,1,74.0,5208.326332
ANIM3,1,80.0,2672.815224
JHSF3,1,80.0,17290.845717
WIZC3,1,80.0,3976.367713
ITUB3,1,81.0,3934.037917
SBFG3,1,82.0,16434.471141
SRNA3,1,82.0,11682.360887
AMBP3,1,84.0,12352.190229
POSI3,1,86.0,16991.336679
EVEN3,1,88.0,2164.686498
ELPL3,1,93.0,3646.645452
ENAT3,1,94.0,3561.4519490000002
SEDU3,1,94.0,1680.740558
GETI3,1,96.0,1517.014323
TASA4,1,98.0,12576.707981000001
ZAMP3,1,98.0,3069.745436
ETER3,1,100.0,12169.08956
GRND3,1,100.0,1317.227331
LEVE3,1,100.0,1441.3500470000001
MEAL3,1,100.0,10541.653268999999
ONCO3,1,100.0,7648.4811469999995
PARD3,1,100.0,2672.172076
