Ativo_A,Ativo_B,N_Trades,Win_Rate,PnL_Medio,PnL_Total,Sharpe,MaxDD,Dur_Media,PnL_Bruto,Custo_Total
AXIA3,AXIA6,2.0,1.0,0.022355,0.04471,45.8746,0.0,2.5,0.04871,0.004
GRND3,KROT11,2.0,1.0,0.037196,0.074392,35.8175,0.0,2.0,0.078392,0.004
VIVT3,VIVT4,4.0,1.0,0.028005,0.112021,31.9411,0.0,2.2,0.120021,0.008
LAME4,RENT3,3.0,1.0,0.05676,0.170281,25.2765,0.0,5.0,0.176281,0.006
BBDC3,IGTA3,2.0,1.0,0.053586,0.107172,23.6607,0.0,4.0,0.111172,0.004
ALSC3,IGTA3,3.0,1.0,0.030043,0.09013,23.4886,0.0,1.7,0.09613,0.006
TFCO4,VIVA3,2.0,1.0,0.021374,0.042747,19.9043,0.0,4.5,0.046747,0.004
ITSA3,ITSA4,4.0,1.0,0.015044,0.060177,19.4692,0.0,2.5,0.068177,0.008
NEOE3,SAPR11,2.0,1.0,0.007995,0.015991,19.3404,0.0,6.0,0.019991,0.004
POMO3,POMO4,2.0,1.0,0.017891,0.035783,14.1396,0.0,2.0,0.039783,0.004
BRAP3,BRAP4,13.0,0.8462,0.022175,0.288271,13.5185,-0.0398,3.7,0.314271,0.026
CTAX4,LOGN3,6.0,0.8333,0.041579,0.249473,11.9357,-0.054,4.5,0.261473,0.012
BRML3,IGTA3,6.0,0.6667,0.011738,0.070425,11.6221,-0.008,4.2,0.082425,0.012
BRSR6,SANB4,5.0,0.8,0.026482,0.132409,9.4594,0.0,4.8,0.142409,0.01
EZTC3,MTRE3,7.0,0.8571,0.048286,0.338001,9.3943,-0.1233,7.3,0.352001,0.014
DAYC4,PINE4,13.0,0.6923,0.01722,0.22386,9.0879,-0.0447,7.2,0.24986,0.026
NEXP3,PINE4,9.0,0.6667,0.071253,0.641279,8.447,-0.1224,5.9,0.659279,0.018
LREN3,RENT3,5.0,0.6,0.024719,0.123595,8.159,-0.0176,3.6,0.133595,0.01
SANB11,SANB4,27.0,0.8519,0.013129,0.35447,8.0848,-0.1016,4.4,0.40847,0.054
CMIG4,CPLE3,2.0,0.5,0.08269,0.165379,7.129,-0.0475,24.5,0.169379,0.004
DAYC4,NEXP3,2.0,0.5,0.028903,0.057805,6.725,-0.0193,3.0,0.061805,0.004
CPLE3,TAEE11,9.0,0.5556,0.024858,0.223718,6.3228,-0.1026,4.0,0.241718,0.018
CYRE3,RIAA3,8.0,0.625,0.025296,0.202364,5.7312,-0.0751,6.9,0.218364,0.016
KLBN11,KLBN4,23.0,0.8261,0.008149,0.187417,5.6546,-0.0894,4.0,0.233417,0.046
B3SA3,ITSA4,7.0,0.4286,0.018972,0.132802,5.6223,-0.0418,8.1,0.146802,0.014
OIBR3,OIBR4,8.0,0.625,0.023678,0.189425,5.2518,-0.0732,3.1,0.205425,0.016
KEPL3,MOTV3,2.0,0.5,0.045292,0.090584,5.1089,0.0,1.5,0.094584,0.004
LREN3,MRVE3,6.0,0.5,0.014735,0.08841,4.3206,-0.0663,9.0,0.10041,0.012
CPFE3,ENBR3,3.0,0.6667,0.007718,0.023155,4.2562,0.0,3.0,0.029155,0.006
CPLE3,CPLE6,33.0,0.7576,0.005854,0.193176,3.6701,-0.0729,3.1,0.259176,0.066
BRPR3,GSHP3,14.0,0.6429,0.007902,0.110627,3.4432,-0.0962,5.6,0.138627,0.028
COGN3,VIVA3,12.0,0.5833,0.010972,0.131664,3.4361,-0.1158,4.0,0.155664,0.024
CPLE6,TAEE11,9.0,0.5556,0.015595,0.140354,3.1454,-0.1863,3.8,0.158354,0.018
CYRE3,MYPK3,4.0,0.5,0.007486,0.029942,2.7229,-0.0545,6.0,0.037942,0.008
AZZA3,HBOR3,7.0,0.5714,0.010998,0.076989,2.6565,-0.1547,6.0,0.090989,0.014
ETER3,VLID3,28.0,0.5357,0.023973,0.67125,2.6052,-0.3296,2.8,0.72725,0.056
ALPA4,EVEN3,19.0,0.6316,0.009834,0.186838,2.5326,-0.1775,4.7,0.224838,0.038
BRSR6,GSHP3,18.0,0.5556,0.012178,0.219197,2.4989,-0.1728,5.7,0.255197,0.036
VLID3,WEGE3,5.0,0.8,0.015178,0.075889,2.4355,-0.1543,10.0,0.085889,0.01
CTAX3,VLID3,21.0,0.381,0.036417,0.76476,2.3648,-0.5595,5.1,0.80676,0.042
BRPR3,PINE4,39.0,0.4103,0.018528,0.722594,1.5455,-0.8909,1.8,0.800594,0.078
BBAS3,BRSR6,4.0,0.5,0.008819,0.035278,1.4846,-0.0198,6.2,0.043278,0.008
CPFE3,EQTL3,7.0,0.5714,0.002174,0.015218,1.4607,-0.0303,2.1,0.029218,0.014
EQTL3,TAEE11,2.0,0.5,0.007055,0.014111,1.1677,0.0,7.0,0.018111,0.004
CPFE3,CSMG3,10.0,0.4,0.003942,0.03942,1.1144,-0.0912,6.1,0.05942,0.02
COGN3,RSID3,15.0,0.6,0.008896,0.133436,1.1064,-0.3404,3.7,0.163436,0.03
ALOS3,BBSE3,18.0,0.6111,0.004859,0.08747,1.0803,-0.2789,3.7,0.12347,0.036
ABEV3,MDIA3,10.0,0.5,0.004545,0.045449,0.9307,-0.1176,5.4,0.065449,0.02
BBAS3,BBDC4,13.0,0.5385,0.001844,0.023976,0.8984,-0.0961,4.5,0.049976,0.026
FRAS3,POMO3,3.0,0.6667,0.003909,0.011726,0.8504,-0.0702,8.0,0.017726,0.006
COGN3,TCSA3,15.0,0.4667,0.00433,0.064948,0.6771,-0.3559,3.7,0.094948,0.03
VALE3,VALE5,3.0,0.3333,4.8e-05,0.000145,0.5064,-0.0011,2.7,0.006145,0.006
HBOR3,RDNI3,45.0,0.6,0.001698,0.076405,0.3821,-0.6609,3.3,0.166405,0.09
DIRR3,EVEN3,52.0,0.4615,0.000708,0.036837,0.2282,-0.351,4.0,0.140837,0.104
COGN3,TECN3,37.0,0.4324,0.000277,0.01026,0.0501,-0.5456,5.1,0.08426,0.074
GBIO33,PFRM3,1.0,1.0,0.043152,0.043152,0.0,0.0,13.0,0.045152,0.002
EGIE3,ENBR3,1.0,1.0,0.028266,0.028266,0.0,0.0,2.0,0.030266,0.002
ITSA4,ITUB4,1.0,0.0,-0.0376,-0.0376,0.0,0.0,8.0,-0.0356,0.002
LAME3,LREN3,1.0,0.0,-0.01687,-0.01687,0.0,0.0,9.0,-0.01487,0.002
LINX3,TOTS3,1.0,1.0,0.028647,0.028647,0.0,0.0,5.0,0.030647,0.002
ITSA4,ITUB3,1.0,1.0,0.014615,0.014615,0.0,0.0,2.0,0.016615,0.002
PETR3,PETR4,1.0,1.0,0.040508,0.040508,0.0,0.0,1.0,0.042508,0.002
TIMS3,VIVT4,1.0,1.0,0.054236,0.054236,0.0,0.0,3.0,0.056236,0.002
IGTA3,SULA11,1.0,1.0,0.049705,0.049705,0.0,0.0,7.0,0.051705,0.002
ABCB4,ITUB3,1.0,1.0,0.0573,0.0573,0.0,0.0,6.0,0.0593,0.002
B3SA3,SANB11,1.0,1.0,0.072544,0.072544,0.0,0.0,2.0,0.074544,0.002
ALPA4,LREN3,1.0,1.0,0.072136,0.072136,0.0,0.0,6.0,0.074136,0.002
DEXP3,KLBN4,1.0,0.0,-0.050593,-0.050593,0.0,0.0,30.0,-0.048593,0.002
ALUP11,ENBR3,1.0,1.0,0.034819,0.034819,0.0,0.0,4.0,0.036819,0.002
ABEV3,AMBV4,1.0,0.0,-0.012187,-0.012187,0.0,0.0,1.0,-0.010187,0.002
ALUP11,CMIG4,1.0,1.0,0.00447,0.00447,0.0,0.0,4.0,0.00647,0.002
BBDC3,MULT3,1.0,0.0,-0.002837,-0.002837,0.0,0.0,6.0,-0.000837,0.002
ALPA4,AMAR3,20.0,0.35,-0.00077,-0.015393,-0.2388,-0.1782,4.8,0.024607,0.04
EVEN3,TRIS3,14.0,0.6429,-0.001198,-0.016775,-0.4424,-0.1028,7.1,0.011225,0.028
CSMG3,EGIE3,10.0,0.5,-0.002882,-0.028818,-0.4535,-0.2865,3.5,-0.008818,0.02
AZUL54,TGMA3,31.0,0.5484,-0.00451,-0.13982,-0.5593,-0.538,4.8,-0.07782,0.062
COGN3,MELK3,35.0,0.4857,-0.005849,-0.204725,-1.3687,-0.502,5.0,-0.134725,0.07
COGN3,SMLS3,11.0,0.4545,-0.016268,-0.178952,-1.5053,-0.4419,6.7,-0.156952,0.022
B3SA3,ITSA3,5.0,0.2,-0.006756,-0.03378,-1.6273,-0.114,6.2,-0.02378,0.01
CPFE3,SRNA3,10.0,0.5,-0.006024,-0.060241,-2.0445,-0.2146,4.3,-0.040241,0.02
DIRR3,RDNI3,16.0,0.4375,-0.01107,-0.177119,-2.1799,-0.3913,4.4,-0.145119,0.032
EZTC3,RDNI3,17.0,0.4706,-0.005078,-0.086331,-2.2716,-0.1343,5.5,-0.052331,0.034
BRPR3,BRSR6,26.0,0.3462,-0.029239,-0.760226,-2.4815,-1.2392,1.8,-0.708226,0.052
ENGI11,EQTL3,3.0,0.6667,-0.009167,-0.027501,-2.4875,-0.0766,6.0,-0.021501,0.006
CESP6,ENBR3,7.0,0.2857,-0.012836,-0.08985,-3.4137,-0.0266,4.9,-0.07585,0.014
ARTR3,POMO4,28.0,0.5,-0.010233,-0.286511,-3.4648,-0.3324,5.5,-0.230511,0.056
GGBR4,GOAU4,25.0,0.24,-0.006757,-0.168914,-3.4883,-0.2852,2.2,-0.118914,0.05
YDUQ3,ZAMP3,18.0,0.5,-0.022563,-0.406127,-3.6651,-0.6801,8.2,-0.370127,0.036
EVEN3,VIVA3,10.0,0.6,-0.011198,-0.111984,-3.7069,-0.1168,4.3,-0.091984,0.02
AZZA3,CYRE3,13.0,0.5385,-0.009059,-0.117764,-3.7943,-0.1791,5.2,-0.091764,0.026
HBOR3,MTRE3,31.0,0.3871,-0.018284,-0.566799,-3.9849,-0.8974,4.1,-0.504799,0.062
CESP6,CMIG4,7.0,0.4286,-0.032813,-0.229694,-4.3815,-0.1583,8.9,-0.215694,0.014
NEOE3,SAPR4,4.0,0.25,-0.011263,-0.045051,-4.7123,-0.087,15.5,-0.037051,0.008
B3SA3,ITUB4,3.0,0.6667,-0.056418,-0.169253,-5.5059,0.0,13.3,-0.163253,0.006
BMOB3,TOTS3,2.0,0.5,-0.01704,-0.03408,-6.3152,0.0,5.0,-0.03008,0.004
NEOE3,SBSP3,5.0,0.2,-0.010961,-0.054804,-6.4402,-0.0804,7.6,-0.044804,0.01
BBDC4,LOGG3,4.0,0.5,-0.022666,-0.090665,-6.4544,-0.121,8.8,-0.082665,0.008
ALUP11,SBSP3,9.0,0.5556,-0.012216,-0.109946,-6.6195,-0.1383,2.3,-0.091946,0.018
BRAP4,GOAU4,4.0,0.5,-0.031494,-0.125978,-6.7763,-0.1098,9.0,-0.117978,0.008
RDNI3,SLED4,7.0,0.2857,-0.04711,-0.329767,-6.9303,-0.4074,3.4,-0.315767,0.014
CGAS5,SBSP3,9.0,0.3333,-0.040147,-0.361322,-8.0067,-0.3291,10.4,-0.343322,0.018
BAZA3,SANB4,2.0,0.5,-0.009775,-0.01955,-10.1493,-0.0206,21.5,-0.01555,0.004
CESP6,EGIE3,6.0,0.1667,-0.114638,-0.687827,-10.4158,-0.6844,7.8,-0.675827,0.012
ENGI11,NEOE3,3.0,0.0,-0.018812,-0.056436,-20.9659,-0.0212,6.3,-0.050436,0.006
BRPR3,PSSA3,5.0,0.2,-0.049144,-0.245722,-23.8489,-0.1808,8.0,-0.235722,0.01
