ciclo_form,ano_t1,ano_t2,Ativo_A,Ativo_B,Setor_A,z_media,z_std,z_skew,z_kurt,pval_form
2010-2011,2012,2013,CPFE3,ENBR3,Utilidade pública,-0.0017988699842300298,0.7035311030995747,1.0336646921953732,4.507119298779622,2.2639787916065028e-07
2010-2011,2012,2013,CTAX4,LOGN3,Bens industriais,0.0007379508363038484,0.6936283187778507,0.03318177171312689,2.137013137645881,0.0004278795162879252
2010-2011,2012,2013,LREN3,RENT3,Consumo cíclico,-0.05520510941096644,0.7824688768538657,-0.5550671495116876,3.393582134179855,0.0010223230829223798
2010-2011,2012,2013,BRPR3,GSHP3,Financeiro,0.08868593389646302,1.0248664124264943,0.25971872825591513,1.5493977086941397,0.0022741962063091083
2010-2011,2012,2013,CESP6,ENBR3,Utilidade pública,-0.059321439206851095,1.0093380800583078,-2.8376970058102495,16.182189697533097,0.002537833318648875
2010-2011,2012,2013,B3SA3,SANB11,Financeiro,0.09340326561884596,0.7003417808243604,0.07159624549368085,0.3164424678138107,0.003429344779118926
2010-2011,2012,2013,BAZA3,SANB4,Financeiro,-0.0765826486798635,0.6711025381824447,0.370866480080145,2.248868544638075,0.0036383298414624553
2010-2011,2012,2013,GRND3,KROT11,Consumo cíclico,0.2302236156917925,0.61354748177145,-0.1402790658435762,2.6078367749670406,0.005674612472290061
2010-2011,2012,2013,IGTA3,SULA11,Financeiro,0.08811662315437414,0.6178827712197812,0.3275990688498089,0.7652363252803678,0.0057232285065285425
2010-2011,2012,2013,CESP6,EGIE3,Utilidade pública,-0.1737287715416772,0.9246210199650305,-2.0955853488490552,11.453452466490004,0.011864621811296746
2010-2011,2012,2013,BRAP4,VALE5,Materiais básicos,-0.025683337396425088,0.3880454865636963,-0.051376919403380364,0.6536192278878157,0.013078640843951307
2010-2011,2012,2013,SANB11,SANB4,Financeiro,0.016158843595352537,1.1723547618722665,0.058937095389315304,0.1160147207402713,0.014235864619384406
2010-2011,2012,2013,B3SA3,ITUB4,Financeiro,0.09723202093455413,0.7645892635026681,0.40325085261980925,0.8991295572017726,0.01980738809828212
2010-2011,2012,2013,ITSA4,ITUB4,Financeiro,-0.002068866871676737,0.29875807051881137,0.5017960898369046,3.2608677619686715,0.026536969687146136
2010-2011,2012,2013,ABEV3,AMBV4,Consumo não cíclico,0.03831748597834503,0.4568101549026856,4.294842959810201,43.1156790361143,0.028095902177790084
2010-2011,2012,2013,DAYC4,PINE4,Financeiro,-0.0649407074293631,0.8511939284981386,-0.21154187581406886,1.3321543781006655,0.035402724440802
2010-2011,2012,2013,B3SA3,ITSA4,Financeiro,0.12033030201642715,0.7985214353423611,0.2554531170796109,-0.04385948871426448,0.03757987299032994
2010-2011,2012,2013,CESP6,CMIG4,Utilidade pública,-0.11888087664944309,0.930659190417289,-1.0931245144497048,4.2297572627908675,0.03967182255167641
2010-2011,2012,2013,TIMS3,VIVT4,Comunicações,0.04250458787386832,0.5381988972382632,-0.2281607551585354,0.8187880202367723,0.039990324978175194
2010-2011,2012,2013,BBAS3,BBDC4,Financeiro,-0.027307085468764387,1.060031763381337,-0.9876839794106425,4.535617348501711,0.04063641570593489
2012-2013,2014,2015,NEXP3,PINE4,Financeiro,-0.30644178368942276,0.9506004469781624,0.4971106038051354,1.3415294510433542,0.00013635760560379344
2012-2013,2014,2015,OIBR3,OIBR4,Comunicações,-0.04462776196478543,0.7914794910192732,1.8709273980022019,11.967158719951,0.001926946837308091
2012-2013,2014,2015,DIRR3,EVEN3,Consumo cíclico,-0.37333501855652534,1.7491238906036197,-0.09584412100512557,0.09865813094485176,0.004105775886078379
2012-2013,2014,2015,GGBR4,GOAU4,Materiais básicos,0.3703567724485116,1.4138223356621062,2.55981851488036,13.640950024911877,0.004557028671212945
2012-2013,2014,2015,AZZA3,HBOR3,Consumo cíclico,0.15248883924685813,0.7987962699604635,0.13078486732073413,0.575334089943119,0.008678618336949809
2012-2013,2014,2015,BRSR6,GSHP3,Financeiro,-0.10711208028939029,1.194545507964853,-0.4410715379119464,0.5953185556295364,0.011666258067738678
2012-2013,2014,2015,BBAS3,ITUB4,Financeiro,-0.1401604257714069,0.6349831777244381,-0.15590114477774716,-0.3801409696479343,0.01198651356067483
2012-2013,2014,2015,LAME3,LREN3,Consumo cíclico,-0.07258637267158818,0.5149862316147827,-0.2272845732297378,0.7924538233737426,0.01620941294280765
2012-2013,2014,2015,ARTR3,POMO4,Bens industriais,-0.23625350753593652,1.554275158286489,-0.9203721593985689,3.42595797965149,0.018155657412273107
2012-2013,2014,2015,RDNI3,SLED4,Consumo cíclico,-0.213741400469729,0.8573395576078924,-0.10618795916571319,3.0526906529956426,0.021367029924989508
2012-2013,2014,2015,CTIP3,ITSA4,Financeiro,0.25846211522342455,0.4383643801228097,-0.41986827148254025,0.5760952183965662,0.03459158445762772
2012-2013,2014,2015,DAYC4,PINE4,Financeiro,0.13223263160386844,0.8716508749548882,0.6475168054675384,4.380191533019015,0.03549902061160198
2012-2013,2014,2015,LAME4,RENT3,Consumo cíclico,0.19542759030000947,0.6548302974503029,0.17020772141358853,0.7482171579867356,0.03595342990134504
2012-2013,2014,2015,DAYC4,NEXP3,Financeiro,0.008038132183809485,0.4543416549148028,0.7707073969604212,14.347440167108132,0.04126437272354465
2012-2013,2014,2015,CYRE3,MYPK3,Consumo cíclico,-0.14061316953415023,0.8017747010491731,0.28178674046240354,1.00335154489773,0.04577516437361458
2012-2013,2014,2015,ALSC3,IGTA3,Financeiro,-0.0921659693211446,0.6432774439656331,-0.10521601616214146,0.11056721876484854,0.04917465547491153
2014-2015,2016,2017,CPLE3,CPLE6,Utilidade pública,0.13995398171622517,1.2578467263189914,0.2534689923374467,1.0911024146025943,1.2837705354393236e-06
2014-2015,2016,2017,BRAP3,BRAP4,Materiais básicos,0.012582168062102191,0.8685193269590882,-0.003464657879610608,1.6041841026690484,3.2460699391300056e-06
2014-2015,2016,2017,CPLE3,TAEE11,Utilidade pública,-0.055909453496875004,0.856962521674729,-1.0693469809819771,3.3675659795994717,0.006259412611309319
2014-2015,2016,2017,DIRR3,RDNI3,Consumo cíclico,0.10767383037741896,1.1568688058249696,0.2817391178799775,1.1583758180915043,0.007538862242000693
2014-2015,2016,2017,VLID3,WEGE3,Bens industriais,-0.32162857448465015,0.9003682770198935,0.050311422391092236,0.10537460450867764,0.008700132387457832
2014-2015,2016,2017,COCE5,EGIE3,Utilidade pública,0.035528215387360056,0.37487959612704197,-0.7907337968233282,1.335765457493003,0.00963656734277062
2014-2015,2016,2017,AZZA3,CYRE3,Consumo cíclico,0.2580131870407322,0.9710871727564342,0.34377924606328086,2.0188250320291052,0.01239095072091817
2014-2015,2016,2017,CPLE6,TAEE11,Utilidade pública,-0.13091688853490138,0.8833112104729792,-0.8966978595134845,2.701350007314261,0.012670025779359636
2014-2015,2016,2017,BBDC3,MULT3,Financeiro,-0.03626086731810851,0.6335662046826155,-0.25224360594275463,0.46103346777395426,0.01860965507243887
2014-2015,2016,2017,VIVT3,VIVT4,Comunicações,0.012240960156392255,0.7040352400688663,-0.17725542428382918,2.1453782850212786,0.01875704393199128
2014-2015,2016,2017,KLBN11,KLBN4,Materiais básicos,-0.0037729408266537895,1.170782184854391,0.3271876606487454,4.080929107031369,0.019277109464579546
2014-2015,2016,2017,BBDC3,IGTA3,Financeiro,-0.05219076210612762,0.5034504840871004,-0.33426626168626944,1.6310332300819441,0.01980197529981934
2014-2015,2016,2017,CYRE3,RIAA3,Consumo cíclico,-0.06089272406116193,0.8725587560730875,0.30684742210129706,0.7834483391079408,0.019806869006160428
2014-2015,2016,2017,EGIE3,ENBR3,Utilidade pública,0.020181077220801046,0.5651659784518706,-0.14493475323528857,1.2919025673693527,0.02989209085297767
2014-2015,2016,2017,HBOR3,RDNI3,Consumo cíclico,-0.018941415575317665,1.8746591807105644,0.5251915687963271,2.632061951206987,0.032413993743829486
2014-2015,2016,2017,VALE3,VALE5,Materiais básicos,-0.023561329821952,0.6245269104189604,-0.13254892199763163,1.5365403572788514,0.03324912261986769
2014-2015,2016,2017,LINX3,TOTS3,Tecnologia da informação,0.10881043622634487,0.6765848160072232,-0.022344132791670645,-0.20021925381254047,0.046834577049331014
2014-2015,2016,2017,EZTC3,RDNI3,Consumo cíclico,0.22469420513672586,1.0732394340672728,0.0473639948686125,0.19115918695094036,0.047516451853160765
2016-2017,2018,2019,MULT3,SCAR3,Financeiro,0.04287899889020141,0.36002477269321564,0.21536428554381912,-0.5306309204949304,0.00011293281822024204
2016-2017,2018,2019,KEPL3,MOTV3,Bens industriais,0.012595521327260705,0.66030784970648,-0.5440057652526757,3.4816093402222608,0.0002780600126940893
2016-2017,2018,2019,IGTA3,SCAR3,Financeiro,0.045411847446751426,0.41821690197412487,0.27358588846459575,-0.2789918456616345,0.00028758094807622555
2016-2017,2018,2019,CSAN3,CZLT33,Petróleo gás e biocombustíveis,-0.011295123966878666,0.4617450042084924,-0.2627224061634706,0.8210391915749713,0.0020476374859771038
2016-2017,2018,2019,BBDC3,SCAR3,Financeiro,0.051385103865172234,0.4535889228607166,0.03404810167166918,-0.11515506393684838,0.002841868165076518
2016-2017,2018,2019,AESB3,CPLE6,Utilidade pública,-0.06031905947967043,0.7217112051153763,0.3302629785521175,0.1632054325718153,0.007048829998952922
2016-2017,2018,2019,ALPA4,LREN3,Consumo cíclico,0.10901228405452591,0.4596518340491659,0.1250108047127205,0.7614974554503351,0.008647479223595742
2016-2017,2018,2019,CTAX3,VLID3,Bens industriais,-0.720556792917686,1.2159524106355062,-1.0329161746137459,1.536719351115531,0.012895357089004236
2016-2017,2018,2019,ITSA4,SCAR3,Financeiro,0.08331040746465046,0.5294918516490624,0.28767362668829866,0.052688297906826165,0.015391793366572376
2016-2017,2018,2019,ETER3,VLID3,Bens industriais,-0.119534949478122,1.6122641050561872,1.065964894617325,6.101170404047739,0.016972466177952963
2016-2017,2018,2019,ITSA3,ITSA4,Financeiro,0.03185608144647846,0.6943730625656879,-0.21199253039782257,2.835462290107821,0.018016770504515153
2016-2017,2018,2019,FRAS3,POMO3,Bens industriais,-0.04227760737958203,0.6358241112023385,0.6323455572875293,4.014259789238333,0.019063704194915654
2016-2017,2018,2019,BBDC3,MULT3,Financeiro,5.1261107619002274e-05,0.5426648503176823,-0.07589527277925462,0.8332641789547162,0.01977436913095182
2016-2017,2018,2019,BRPR3,PSSA3,Financeiro,0.012852969550376203,0.8492002522432651,-0.4074645425283298,1.089379089477962,0.02016673054281803
2016-2017,2018,2019,ITSA4,ITUB3,Financeiro,0.02860081232430542,0.40760594723929783,-0.11849712656450433,1.5161803285572057,0.02102739393872271
2016-2017,2018,2019,CGAS5,SBSP3,Utilidade pública,0.22313433130344823,1.0297570127459164,0.833753292788451,0.9243174868984987,0.022427887207474823
2016-2017,2018,2019,ENGI11,EQTL3,Utilidade pública,0.11716713770824357,0.5793212160210491,0.5970358343299479,0.85479947582105,0.030809305606794825
2016-2017,2018,2019,CPFE3,EQTL3,Utilidade pública,-0.09654140408566565,1.1944862684808835,-5.368355311539301,49.965449865117506,0.03092238051456549
2016-2017,2018,2019,CMIG4,CPLE3,Utilidade pública,-0.11917303103241289,0.9883506291204631,0.08038981513234336,0.49908325991832303,0.031612928225825176
2018-2019,2020,2021,CPFE3,CSMG3,Utilidade pública,0.04254443473689374,0.8463858596834334,-0.10625036966493491,1.6242043418152505,0.00017434862975011507
2018-2019,2020,2021,BRSR6,SANB4,Financeiro,-0.13696401981599196,0.6556441556944527,-0.42954764535904527,3.286229032393191,0.00038159283149718484
2018-2019,2020,2021,AXIA3,AXIA6,Utilidade pública,0.002934293824698176,0.47075650024561655,-1.2910733048195473,12.899110532032646,0.0008188033989283219
2018-2019,2020,2021,CSMG3,EGIE3,Utilidade pública,-0.056147050339529554,0.8696070113207414,-0.8941585659991463,8.325573753550936,0.0014360004920561137
2018-2019,2020,2021,COGN3,SMLS3,Consumo cíclico,-0.18891022695615628,1.1369362886388692,0.15733187931136833,1.0833754798538004,0.0027116610553399546
2018-2019,2020,2021,EQTL3,TAEE11,Utilidade pública,-0.07108848425838381,0.6240363408140803,-0.5244729404145289,1.1334842860304954,0.003221894916311184
2018-2019,2020,2021,COGN3,TECN3,Consumo cíclico,-0.700972868941275,1.6854329199979985,1.1060364096809332,4.0682012279088395,0.0032273833895243432
2018-2019,2020,2021,PETR3,PETR4,Petróleo gás e biocombustíveis,-0.019561593754662803,0.3591470341706894,-1.4798707000643616,7.685048515310589,0.004643151486361207
2018-2019,2020,2021,COGN3,TCSA3,Consumo cíclico,-0.1690985015161956,1.084324715792462,-0.25806268632937285,2.7703115622887333,0.00525033378420691
2018-2019,2020,2021,ALUP11,SBSP3,Utilidade pública,0.04136427090697858,0.9128526825545898,0.47022091347694106,5.337325692441169,0.005356610679378405
2018-2019,2020,2021,ALPA4,EVEN3,Consumo cíclico,0.2067182890336354,1.1584590541690147,0.9077378034624873,2.6112673426271673,0.00559995279884327
2018-2019,2020,2021,COGN3,RSID3,Consumo cíclico,-0.49611883811992974,1.2549076558037606,-0.9025211729347483,4.510258632225936,0.00587512830029468
2018-2019,2020,2021,ABEV3,MDIA3,Consumo não cíclico,0.040915755365047594,0.8897294334804243,0.10706124615217823,1.9532477465520897,0.006704873304146023
2018-2019,2020,2021,BRML3,IGTA3,Financeiro,-0.06454844890355967,0.7219278951179684,-0.981623775825118,11.760667327567068,0.009130760297973542
2018-2019,2020,2021,GBIO33,PFRM3,Saúde,0.011521823587715948,0.5246896572920428,-0.5874666490770571,2.265132504973108,0.011172589663731265
2018-2019,2020,2021,ALUP11,ENBR3,Utilidade pública,-0.015235034066648867,0.4367931826263433,0.0949467441481465,2.6141153119329497,0.015378034321425043
2018-2019,2020,2021,AZUL54,TGMA3,Bens industriais,0.005772022273735848,1.6218208336390254,-2.0717623653531754,14.186271943907375,0.017199341014800182
2018-2019,2020,2021,BBAS3,BRSR6,Financeiro,0.09040191248472687,0.6585308227107574,-0.6214872709016059,3.095621786370989,0.01840719588414887
2018-2019,2020,2021,ALOS3,BBSE3,Financeiro,-0.061184553073530795,1.1384638196294734,-0.632897055874748,3.237855211065928,0.019510166959315817
2018-2019,2020,2021,BRAP4,GOAU4,Materiais básicos,0.16312188006603479,0.8493868991053738,0.7494589686900281,0.5320960156040333,0.02078708030389066
2020-2021,2022,2023,TAEE11,TAEE4,Utilidade pública,0.005099302766943365,0.2489956663999068,-0.5060843967615499,4.705358212770331,3.93901281789279e-06
2020-2021,2022,2023,ALOS3,BRML3,Financeiro,-0.14257233468388525,0.40597920834060075,-0.5989498136349406,3.024178132580035,3.899239478762519e-05
2020-2021,2022,2023,TAEE3,TAEE4,Utilidade pública,0.008183843643347117,0.2758956053392616,-0.5959210480117024,4.908844866029383,4.4881706427169636e-05
2020-2021,2022,2023,MOTV3,RAIL3,Bens industriais,0.004009738448584537,0.32089016043666135,0.6378695872246737,1.369391139241662,0.00022620685543382153
2020-2021,2022,2023,EZTC3,MTRE3,Consumo cíclico,0.03909048501588049,0.9468720618429014,-0.05294611766696398,0.7424410325368878,0.0002889497505983059
2020-2021,2022,2023,CPLE3,CPLE6,Utilidade pública,0.01844858638925772,0.29273586369192356,0.4618705935044112,2.676391558836884,0.0013197044173095748
2020-2021,2022,2023,ALOS3,PINE4,Financeiro,-0.0966666922071364,0.3689367931062928,-0.3603057511388721,-0.3387301595702441,0.0017119319590143836
2020-2021,2022,2023,TAEE11,TAEE3,Utilidade pública,-0.0017818932391976679,0.24552544672996032,0.08511626710689278,0.5707264940953896,0.0019358500384090247
2020-2021,2022,2023,CPFE3,SRNA3,Utilidade pública,0.2376070110032345,0.9520036596204388,-0.06944325070078657,2.0732556786021625,0.001947211614968672
2020-2021,2022,2023,ABCB4,ITUB3,Financeiro,0.018634296786565228,0.5381005345851615,0.24208140227478173,0.9268680693709728,0.0022548817287648187
2020-2021,2022,2023,YDUQ3,ZAMP3,Consumo cíclico,0.1104493226143379,1.372490709328232,0.7907385971422402,0.5200417643537376,0.002484565427172646
2020-2021,2022,2023,BRPR3,PINE4,Financeiro,0.6982454683929025,2.168291854628396,0.5687466105437189,3.8386779575790886,0.0027640149232504557
2020-2021,2022,2023,BBDC3,BBDC4,Financeiro,0.010870093667516362,0.24313914304019735,-0.3270559462429776,2.51691086239246,0.0027816499736215863
2020-2021,2022,2023,NEOE3,SBSP3,Utilidade pública,-0.02644637682626256,0.7611297062658959,-0.010066103104296545,1.572157571367935,0.003595961543102295
2020-2021,2022,2023,BRAP3,BRAP4,Materiais básicos,0.0042353530009007516,0.3667206340426436,-0.2847273642890729,1.3398279865979266,0.0036673159313695245
2020-2021,2022,2023,BRPR3,BRSR6,Financeiro,0.25258810372253354,2.385343615693775,0.7942334556472243,10.935161915988253,0.003674309250201171
2020-2021,2022,2023,LREN3,MRVE3,Consumo cíclico,-0.0919962731476588,0.8481554128261871,-0.1834511313709185,0.6425058671792305,0.004021830710472723
2020-2021,2022,2023,ITSA4,ITUB4,Financeiro,-0.03302242486235519,0.3013724057416995,-1.8795689427962414,10.805396008171313,0.0043242596647908695
2020-2021,2022,2023,NEOE3,SAPR11,Utilidade pública,-0.026410310224887584,0.6052652327501166,0.2943901741443571,1.6984471846690692,0.004354225722683503
2020-2021,2022,2023,NEOE3,SAPR4,Utilidade pública,-0.032792490425588725,0.8286429960976827,0.3819546387592976,1.5757194446483371,0.004359462258714703
2022-2023,2024,2025,TAEE11,TAEE3,Utilidade pública,0.009010837372942369,0.4633295519984542,0.2495047957475232,0.9284854428568332,4.760834917886125e-05
2022-2023,2024,2025,TAEE3,TAEE4,Utilidade pública,-0.001046069226553926,0.3942959966229223,-0.09602332157713701,1.0022617983963409,0.00012144915637387237
2022-2023,2024,2025,COGN3,VIVA3,Consumo cíclico,-0.003560472348030311,0.9908733099781849,0.2667033642761407,0.2395077595652615,0.0011636509169480492
2022-2023,2024,2025,EVEN3,TRIS3,Consumo cíclico,0.03663179922211521,1.1246692337440067,0.5586476837550747,1.8274611301874746,0.004136300039448148
2022-2023,2024,2025,B3SA3,ITSA4,Financeiro,-0.20019191919717433,0.687105690127167,-0.9761812864547244,6.6393423365363855,0.006359808904017107
2022-2023,2024,2025,EVEN3,VIVA3,Consumo cíclico,0.030090802145445274,0.9315423264666122,0.5464340066890383,2.2628468714711314,0.007463733967189897
2022-2023,2024,2025,B3SA3,ITSA3,Financeiro,-0.24823087237673427,0.8039855095888258,-1.2707754696342222,7.724076026976052,0.008185464840361202
2022-2023,2024,2025,TAEE11,TAEE4,Utilidade pública,0.0022712329606184977,0.3709459662939573,0.02597742394158028,0.7035955965333978,0.011128726792303355
2022-2023,2024,2025,ALPA4,AMAR3,Consumo cíclico,0.42458477502780867,1.2488407164132287,0.5137977323159097,0.08476750878841521,0.013278082721920466
2022-2023,2024,2025,COGN3,MELK3,Consumo cíclico,-0.07758890383276261,1.6794391740202903,0.08054622250462339,0.07323967174773172,0.01551730885799285
2022-2023,2024,2025,POMO3,POMO4,Bens industriais,0.09335309260603844,0.5615706279691277,0.4309390365307585,0.7450534080536109,0.017814845652860064
2022-2023,2024,2025,BRAP3,BRAP4,Materiais básicos,-0.00026176840071272294,0.43148301211623796,0.38196814535388324,1.432122691160985,0.01971511051643452
2022-2023,2024,2025,ALUP11,CMIG4,Utilidade pública,0.03225335364336428,0.6001875551958272,0.4676035796173008,1.976243604684898,0.024924915898738974
2022-2023,2024,2025,ENGI11,NEOE3,Utilidade pública,0.06316833839916679,0.6815888071917241,0.5428342062374695,1.0595311525416227,0.02708329189870426
2022-2023,2024,2025,HBOR3,MTRE3,Consumo cíclico,-0.04494176484164716,1.713407970777262,-0.4753969518176138,3.461747094613661,0.027246061986903544
2022-2023,2024,2025,BMOB3,TOTS3,Tecnologia da informação,0.08250876011471275,0.6513918442388984,0.29229200677233397,0.5788945270115962,0.030490089835499494
2022-2023,2024,2025,DEXP3,KLBN4,Materiais básicos,-0.007775082555514892,0.6210014319585992,0.6189039680802519,0.7080286341481066,0.037127150970430005
2022-2023,2024,2025,BBDC4,LOGG3,Financeiro,0.05721106329004795,0.6214356522275872,0.1237999823058887,3.4868171474312355,0.04125748687914308
2022-2023,2024,2025,TFCO4,VIVA3,Consumo cíclico,0.016811768677326856,0.593519424917021,0.42161958322133936,1.4636780226717967,0.04205547123640326
